row_type,page,sl_no,booth_no,booth_suffix,is_auxiliary,booth_name,polled,inc,admk,tvk,diff_vs_inc,diff_vs_tvk,flags,booth_name_raw,inc_share,admk_share,tvk_share,listed_votes,other_votes,other_share
booth,1,1.0,1,,False,பிச்சிவாக்கம்,795,221,180,344,-41,-164,,gpr;rpthf;fk;,0.2779874213836478,0.22641509433962265,0.4327044025157233,745,50,0.06289308176100629
booth,1,2.0,2,,False,பிச்சிவாக்கம்,715,248,110,319,-138,-209,,gpr;rpthf;fk;,0.34685314685314683,0.15384615384615385,0.4461538461538462,677,38,0.05314685314685315
booth,1,3.0,3,,False,பட்டுமுடையார் குப்பம்,691,121,323,218,202,105,,gl;LKilahu; Fg;gk;,0.17510853835021709,0.467438494934877,0.3154848046309696,662,29,0.041968162083936326
booth,1,4.0,4,,False,சிவபுரம்,956,217,324,373,107,-49,,rptg[uk;,0.22698744769874477,0.3389121338912134,0.3901673640167364,914,42,0.043933054393305436
booth,1,5.0,5,,False,ஓ.எம்.மங்கலம்,933,322,276,300,-46,-24,,X/vk;/k';fyk;,0.34512325830653806,0.2958199356913183,0.3215434083601286,898,35,0.03751339764201501
booth,1,6.0,6,,False,கண்஡ிவாக்கம்,470,121,183,157,62,26,,fz;othf;fk;,0.2574468085106383,0.3893617021276596,0.33404255319148934,461,9,0.019148936170212766
booth,1,7.0,7,,False,கண்஡ிவாக்கம்,746,198,227,300,29,-73,,fz;othf;fk;,0.26541554959785524,0.3042895442359249,0.40214477211796246,725,21,0.028150134048257374
booth,1,8.0,8,,False,செல்லம் பட்஡ிடை,628,243,57,304,-186,-247,,bry;yk; gl;oil,0.3869426751592357,0.09076433121019108,0.4840764331210191,604,24,0.03821656050955414
booth,1,9.0,9,,False,செல்லம் பட்஡ிடை,491,126,89,259,-37,-170,,bry;yk; gl;oil,0.25661914460285135,0.18126272912423624,0.5274949083503055,474,17,0.034623217922606926
booth,2,10.0,10,,False,எடையார் பாக்கம்,905,193,267,410,74,-143,,vilahu; ghf;fk;,0.2132596685082873,0.2950276243093923,0.4530386740331492,870,35,0.03867403314917127
booth,2,11.0,11,,False,எடையார் பாக்கம்,903,232,212,410,-20,-198,,vilahu; ghf;fk;,0.25692137320044295,0.23477297895902546,0.4540420819490587,854,49,0.05426356589147287
booth,2,12.0,12,,False,குணகரம் பாக்கம்,626,94,307,202,213,105,,Fzfuk; ghf;fk;,0.1501597444089457,0.4904153354632588,0.3226837060702875,603,23,0.036741214057507986
booth,2,13.0,13,,False,குணகரம் பாக்கம்,742,143,251,319,108,-68,,Fzfuk; ghf;fk;,0.192722371967655,0.33827493261455527,0.4299191374663073,713,29,0.03908355795148248
booth,2,14.0,14,,False,ஏகனாபுரம்,492,89,199,172,110,27,,Vfdhg[uk;,0.18089430894308944,0.40447154471544716,0.34959349593495936,460,32,0.06504065040650407
booth,2,15.0,15,,False,ஏகனாபுரம்,543,139,134,238,-5,-104,,Vfdhg[uk;,0.2559852670349908,0.24677716390423574,0.43830570902394106,511,32,0.058931860036832415
booth,2,16.0,16,,False,அக்கமாபுரம்,237,110,83,41,-27,42,,mf;fkhg[uk;,0.4641350210970464,0.350210970464135,0.1729957805907173,234,3,0.012658227848101266
booth,2,17.0,17,,False,சிங்கிலிபா஡ி,530,140,220,160,80,60,,rp';fpypgho,0.2641509433962264,0.41509433962264153,0.3018867924528302,520,10,0.018867924528301886
booth,2,18.0,18,,False,கண்ணந்தாங்கல்,556,195,109,220,-86,-111,,fz;ze;jh';fy;,0.35071942446043164,0.1960431654676259,0.39568345323741005,524,32,0.05755395683453238
booth,2,19.0,19,,False,மதுரமங்கலம்,721,162,285,239,123,46,,kJuk';fyk;,0.22468793342579751,0.39528432732316227,0.3314840499306519,686,35,0.04854368932038835
booth,3,20.0,20,,False,மதுரமங்கலம்,692,158,352,154,194,198,,kJuk';fyk;,0.22832369942196531,0.5086705202312138,0.22254335260115607,664,28,0.04046242774566474
booth,3,21.0,21,,False,காந்தூர்,641,115,303,197,188,106,,fhe;J}u;,0.1794071762870515,0.47269890795631825,0.3073322932917317,615,26,0.0405616224648986
booth,3,22.0,22,,False,காந்தூர்,872,224,257,347,33,-90,,fhe;J}u;,0.25688073394495414,0.2947247706422018,0.39793577981651373,828,44,0.05045871559633028
booth,3,23.0,23,,False,மேல் மதுரமங்கலம்,528,177,126,201,-51,-75,,nky; kJuk';fyk;,0.3352272727272727,0.23863636363636365,0.3806818181818182,504,24,0.045454545454545456
booth,3,24.0,24,,False,மேல் மதுரமங்கலம்,542,188,136,191,-52,-55,,nky; kJuk';fyk;,0.34686346863468637,0.25092250922509224,0.35239852398523985,515,27,0.04981549815498155
booth,3,25.0,25,,False,இராமானுஜ புரம்,579,128,305,114,177,191,,",uhkhD$ g[uk;",0.22107081174438686,0.5267702936096719,0.19689119170984457,547,32,0.055267702936096716
booth,3,26.0,26,,False,இராமானுஜ புரம்,493,142,174,157,32,17,,",uhkhD$ g[uk;",0.2880324543610548,0.35294117647058826,0.3184584178498986,473,20,0.04056795131845842
booth,3,27.0,27,,False,கீரநல்லூர்,688,205,264,205,59,59,,fPuey;Y}u;,0.29796511627906974,0.38372093023255816,0.29796511627906974,674,14,0.020348837209302327
booth,3,28.0,28,,False,செல்வழி மங்கலம்,914,201,411,275,210,136,,bry;tHp k';fyk;,0.21991247264770242,0.449671772428884,0.30087527352297594,887,27,0.02954048140043764
booth,3,29.0,29,,False,சேந்தமங்கலம்,794,152,244,365,92,-121,,nre;jk';fyk;,0.19143576826196473,0.30730478589420657,0.4596977329974811,761,33,0.041561712846347604
booth,4,30.0,30,,False,பாப்பாங்குழி,552,134,229,160,95,69,,ghg;gh';FHp,0.2427536231884058,0.4148550724637681,0.2898550724637681,523,29,0.05253623188405797
booth,4,31.0,31,,False,பொடவூர்,1127,331,342,415,11,-73,,bghlt{u;,0.2937000887311446,0.3034605146406389,0.3682342502218279,1088,39,0.03460514640638864
booth,4,32.0,32,,False,மொளச்சூர்,241,53,52,128,-1,-76,,bkhsr;N:u;,0.21991701244813278,0.2157676348547718,0.5311203319502075,233,8,0.03319502074688797
booth,4,33.0,33,,False,மொளச்சூர்,618,244,89,253,-155,-164,,bkhsr;N:u;,0.3948220064724919,0.14401294498381878,0.40938511326860844,586,32,0.05177993527508091
booth,4,34.0,34,,False,மொளச்சூர்,742,222,129,349,-93,-220,,bkhsr;N:u;,0.2991913746630728,0.1738544474393531,0.47035040431266845,700,42,0.05660377358490566
booth,4,35.0,35,,False,மொளச்சூர்,569,164,123,249,-41,-126,,bkhsr;N:u;,0.28822495606326887,0.21616871704745166,0.437609841827768,536,33,0.05799648506151142
booth,4,36.0,36,,False,மொளச்சூர்,851,205,154,427,-51,-273,,bkhsr;N:u;,0.2408930669800235,0.1809635722679201,0.5017626321974148,786,65,0.07638072855464159
booth,4,37.0,37,,False,மொளச்சூர்,852,279,134,376,-145,-242,,bkhsr;N:u;,0.3274647887323944,0.1572769953051643,0.4413145539906103,789,63,0.07394366197183098
booth,4,38.0,38,,False,மொளச்சூர்,614,203,94,287,-109,-193,,bkhsr;N:u;,0.3306188925081433,0.15309446254071662,0.46742671009771986,584,30,0.048859934853420196
booth,4,39.0,39,,False,மொளச்சூர்,466,146,125,176,-21,-51,,bkhsr;N:u;,0.3133047210300429,0.26824034334763946,0.3776824034334764,447,19,0.0407725321888412
booth,5,40.0,40,,False,சோகண்஡ி,675,218,148,273,-70,-125,,nrhfz;o,0.32296296296296295,0.21925925925925926,0.40444444444444444,639,36,0.05333333333333334
booth,5,41.0,41,,False,சோகண்஡ி,827,242,165,396,-77,-231,,nrhfz;o,0.2926239419588875,0.19951632406287786,0.4788391777509069,803,24,0.02902055622732769
booth,5,42.0,42,,False,சந்தவேலூர்,749,112,390,225,278,165,,re;jntY}u;,0.14953271028037382,0.520694259012016,0.30040053404539385,727,22,0.029372496662216287
booth,5,43.0,43,,False,சந்தவேலூர்,710,146,292,240,146,52,,re;jntY}u;,0.2056338028169014,0.4112676056338028,0.3380281690140845,678,32,0.04507042253521127
booth,5,44.0,44,,False,சந்தவேலூர்,850,173,308,331,135,-23,,re;jntY}u;,0.20352941176470588,0.3623529411764706,0.38941176470588235,812,38,0.04470588235294118
booth,5,45.0,45,,False,சந்தவேலூர்,658,197,147,278,-50,-131,,re;jntY}u;,0.2993920972644377,0.22340425531914893,0.42249240121580545,622,36,0.0547112462006079
booth,5,46.0,46,,False,சந்தவேலூர்,566,215,106,224,-109,-118,,re;jntY}u;,0.37985865724381623,0.1872791519434629,0.3957597173144876,545,21,0.037102473498233215
booth,5,47.0,47,,False,குண்ணம்,781,194,231,326,37,-95,,Fz;zk;,0.24839948783610755,0.29577464788732394,0.4174135723431498,751,30,0.03841229193341869
booth,5,48.0,48,,False,குண்ணம்,870,178,348,314,170,34,,Fz;zk;,0.2045977011494253,0.4,0.36091954022988504,840,30,0.034482758620689655
booth,5,49.0,49,,False,எச்சூர்,946,211,327,347,116,-20,,vr;N:u;,0.22304439746300211,0.3456659619450317,0.3668076109936575,885,61,0.06448202959830866
booth,6,50.0,50,,False,எச்சூர்,953,207,262,439,55,-177,,vr;N:u;,0.21720881427072403,0.27492130115424973,0.46065057712486884,908,45,0.0472193074501574
booth,6,51.0,51,,False,சிறுமாங்காடு,935,259,339,297,80,42,,rpWkh';fhL,0.27700534759358286,0.3625668449197861,0.3176470588235294,895,40,0.0427807486631016
booth,6,52.0,52,,False,திருமங்கலம்,801,132,198,438,66,-240,,jpUk';fyk;,0.1647940074906367,0.24719101123595505,0.5468164794007491,768,33,0.04119850187265917
booth,6,53.0,53,,False,திருமங்கலம்,837,219,172,392,-47,-220,,jpUk';fyk;,0.2616487455197133,0.2054958183990442,0.46833930704898447,783,54,0.06451612903225806
booth,6,54.0,54,,False,திருமங்கலம்,594,217,125,232,-92,-107,,jpUk';fyk;,0.3653198653198653,0.21043771043771045,0.39057239057239057,574,20,0.03367003367003367
booth,6,55.0,55,,False,திருமங்கலம்,656,174,152,307,-22,-155,,jpUk';fyk;,0.2652439024390244,0.23170731707317074,0.4679878048780488,633,23,0.0350609756097561
booth,6,56.0,56,,False,வடமங்கலம்,685,233,116,313,-117,-197,,tlk';fyk;,0.34014598540145985,0.16934306569343066,0.4569343065693431,662,23,0.033576642335766425
booth,6,57.0,57,,False,வடமங்கலம்,493,181,94,204,-87,-110,,tlk';fyk;,0.3671399594320487,0.19066937119675456,0.41379310344827586,479,14,0.028397565922920892
booth,6,58.0,58,,False,ஆரனேரி,535,124,135,247,11,-112,,Mundup,0.23177570093457944,0.2523364485981308,0.4616822429906542,506,29,0.05420560747663551
booth,6,59.0,59,,False,மாம்பாக்கம்,869,161,263,404,102,-141,,khk;ghf;fk;,0.1852704257767549,0.30264672036823936,0.46490218642117376,828,41,0.047180667433831994
booth,7,60.0,60,,False,மாம்பாக்கம்,643,156,146,307,-10,-161,,khk;ghf;fk;,0.24261275272161742,0.22706065318818042,0.4774494556765163,609,34,0.05287713841368585
booth,7,61.0,61,,False,போந்தூர்,925,220,282,396,62,-114,,nghe;J}u;,0.23783783783783785,0.30486486486486486,0.4281081081081081,898,27,0.02918918918918919
booth,7,62.0,62,,False,போந்தூர்,1018,236,356,366,120,-10,,nghe;J}u;,0.2318271119842829,0.34970530451866405,0.35952848722986247,958,60,0.05893909626719057
booth,7,63.0,63,,False,ஸ்ரீபெரும்புதூர்,646,178,110,332,-68,-222,,_bgUk;g[J}u;,0.2755417956656347,0.17027863777089783,0.5139318885448917,620,26,0.04024767801857585
booth,7,64.0,64,,False,ஸ்ரீபெரும்புதூர்,528,220,81,207,-139,-126,,_bgUk;g[J}u;,0.4166666666666667,0.1534090909090909,0.39204545454545453,508,20,0.03787878787878788
booth,7,65.0,65,,False,ஸ்ரீபெரும்புதூர்,462,160,88,189,-72,-101,,_bgUk;g[J}u;,0.3463203463203463,0.19047619047619047,0.4090909090909091,437,25,0.05411255411255411
booth,7,66.0,66,,False,ஸ்ரீபெரும்புதூர்,744,235,214,273,-21,-59,,_bgUk;g[J}u;,0.31586021505376344,0.28763440860215056,0.36693548387096775,722,22,0.02956989247311828
booth,7,67.0,67,,False,ஸ்ரீபெரும்புதூர்,664,171,163,307,-8,-144,,_bgUk;g[J}u;,0.2575301204819277,0.24548192771084337,0.4623493975903614,641,23,0.03463855421686747
booth,7,68.0,68,,False,ஸ்ரீபெரும்புதூர்,433,95,117,205,22,-88,,_bgUk;g[J}u;,0.21939953810623555,0.2702078521939954,0.47344110854503463,417,16,0.03695150115473441
booth,7,69.0,69,,False,ஸ்ரீபெரும்புதூர்,577,139,115,289,-24,-174,,_bgUk;g[J}u;,0.24090121317157712,0.19930675909878684,0.5008665511265165,543,34,0.058925476603119586
booth,8,70.0,70,,False,ஸ்ரீபெரும்புதூர்,471,126,122,198,-4,-76,,_bgUk;g[J}u;,0.267515923566879,0.25902335456475584,0.42038216560509556,446,25,0.05307855626326964
booth,8,71.0,71,,False,ஸ்ரீபெரும்புதூர் (நகராட்சி),422,85,97,224,12,-127,,_bgUk;g[J}u; (efuhl;rp),0.2014218009478673,0.22985781990521326,0.5308056872037915,406,16,0.037914691943127965
booth,8,72.0,72,,False,ஸ்ரீபெரும்புதூர் (நகராட்சி),729,194,198,305,4,-107,,_bgUk;g[J}u; (efuhl;rp),0.2661179698216735,0.2716049382716049,0.41838134430727025,697,32,0.0438957475994513
booth,8,73.0,73,,False,ஸ்ரீபெரும்புதூர் (நகராட்சி),484,131,130,202,-1,-72,,_bgUk;g[J}u; (efuhl;rp),0.2706611570247934,0.26859504132231404,0.41735537190082644,463,21,0.04338842975206612
booth,8,74.0,74,,False,ஸ்ரீபெரும்புதூர் (நகராட்சி),608,138,187,259,49,-72,,_bgUk;g[J}u; (efuhl;rp),0.22697368421052633,0.30756578947368424,0.42598684210526316,584,24,0.039473684210526314
booth,8,75.0,75,,False,ஸ்ரீபெரும்புதூர்,476,148,76,226,-72,-150,,_bgUk;g[J}u;,0.31092436974789917,0.15966386554621848,0.47478991596638653,450,26,0.0546218487394958
booth,8,76.0,76,,False,ஸ்ரீபெரும்புதூர்,677,190,158,292,-32,-134,,_bgUk;g[J}u;,0.28064992614475626,0.23338257016248154,0.43131462333825704,640,37,0.05465288035450517
booth,8,77.0,77,,False,சிவன்தாங்கல்,962,223,251,422,28,-171,,rptd;jh';fy;,0.23180873180873182,0.2609147609147609,0.4386694386694387,896,66,0.06860706860706861
booth,8,78.0,78,,False,ஸ்ரீபெரும்புதூர்,907,235,172,451,-63,-279,,_bgUk;g[J}u;,0.25909592061742004,0.18963616317530319,0.4972436604189636,858,49,0.05402425578831312
booth,8,79.0,79,,False,ஸ்ரீபெரும்புதூர்,843,219,154,413,-65,-259,,_bgUk;g[J}u;,0.2597864768683274,0.1826809015421115,0.48991696322657174,786,57,0.06761565836298933
booth,9,80.0,80,,False,ஸ்ரீபெரும்புதூர்,773,234,151,350,-83,-199,,_bgUk;g[J}u;,0.3027166882276843,0.19534282018111254,0.45278137128072443,735,38,0.04915912031047866
booth,9,81.0,81,,False,ஸ்ரீபெரும்புதூர்,647,183,128,310,-55,-182,,_bgUk;g[J}u;,0.2828438948995363,0.19783616692426584,0.47913446676970634,621,26,0.0401854714064915
booth,9,82.0,82,,False,ஸ்ரீபெரும்புதூர்,664,180,121,325,-59,-204,,_bgUk;g[J}u;,0.2710843373493976,0.1822289156626506,0.4894578313253012,626,38,0.0572289156626506
booth,9,83.0,83,,False,ஸ்ரீபெரும்புதூர்,794,195,166,372,-29,-206,,_bgUk;g[J}u;,0.2455919395465995,0.20906801007556675,0.46851385390428213,733,61,0.07682619647355164
booth,9,84.0,84,,False,ஸ்ரீபெரும்புதூர்,876,227,178,432,-49,-254,,_bgUk;g[J}u;,0.2591324200913242,0.20319634703196346,0.4931506849315068,837,39,0.04452054794520548
booth,9,85.0,85,,False,ஸ்ரீபெரும்புதூர் (நகராட்சி),764,236,209,291,-27,-82,,_bgUk;g[J}u; (efuhl;rp),0.3089005235602094,0.27356020942408377,0.38089005235602097,736,28,0.03664921465968586
booth,9,86.0,86,,False,ஸ்ரீபெரும்புதூர் (நகராட்சி),714,198,191,294,-7,-103,,_bgUk;g[J}u; (efuhl;rp),0.2773109243697479,0.26750700280112044,0.4117647058823529,683,31,0.04341736694677871
booth,9,87.0,87,,False,ஸ்ரீபெரும்புதூர் (நகராட்சி),367,107,88,154,-19,-66,,_bgUk;g[J}u; (efuhl;rp),0.29155313351498635,0.23978201634877383,0.4196185286103542,349,18,0.04904632152588556
booth,9,88.0,88,,False,கிளாய்,1074,338,224,475,-114,-251,,fpsha;,0.31471135940409684,0.2085661080074488,0.44227188081936686,1037,37,0.03445065176908752
booth,9,89.0,89,,False,ஆயகொளத்தூர்,819,231,139,408,-92,-269,,Mabfhsj;J}u;,0.28205128205128205,0.16971916971916973,0.4981684981684982,778,41,0.050061050061050064
booth,10,90.0,90,,False,செங்காடு,1020,252,265,445,13,-180,,br';fhL,0.24705882352941178,0.25980392156862747,0.4362745098039216,962,58,0.056862745098039215
booth,10,91.0,91,,False,செங்காடு,673,228,113,311,-115,-198,,br';fhL,0.3387815750371471,0.16790490341753342,0.462109955423477,652,21,0.031203566121842496
booth,10,92.0,92,,False,மண்ணூர்,770,218,210,325,-8,-115,,kz;q}u;,0.2831168831168831,0.2727272727272727,0.42207792207792205,753,17,0.02207792207792208
booth,10,93.0,93,,False,மண்ணூர்,653,171,165,298,-6,-133,,kz;q}u;,0.26186830015313933,0.25267993874425726,0.4563552833078101,634,19,0.02909647779479326
booth,10,94.0,94,,False,நெமிலி,621,206,99,283,-107,-184,,bekpyp,0.33172302737520126,0.15942028985507245,0.4557165861513688,588,33,0.05314009661835749
booth,10,95.0,95,,False,நெமிலி,803,181,132,446,-49,-314,,bekpyp,0.22540473225404734,0.1643835616438356,0.5554171855541719,759,44,0.0547945205479452
booth,10,96.0,96,,False,வளர்புரம்,580,162,110,276,-52,-166,,tsu;g[uk;,0.2793103448275862,0.1896551724137931,0.47586206896551725,548,32,0.05517241379310345
booth,10,97.0,97,,False,வளர்புரம்,463,176,63,201,-113,-138,,tsu;g[uk;,0.3801295896328294,0.13606911447084233,0.43412526997840173,440,23,0.04967602591792657
booth,10,98.0,98,,False,வளர்புரம்,860,300,214,310,-86,-96,,tsu;g[uk;,0.3488372093023256,0.24883720930232558,0.36046511627906974,824,36,0.04186046511627907
booth,10,99.0,99,,False,மேவளுர்குப்பம்,903,305,197,378,-108,-181,,nktSu;Fg;gk;,0.3377630121816168,0.21816168327796234,0.4186046511627907,880,23,0.02547065337763012
booth,10,100.0,100,,False,மேவளுர்குப்பம்,939,283,253,370,-30,-117,,nktSu;Fg;gk;,0.30138445154419596,0.26943556975505856,0.39403620873269435,906,33,0.03514376996805112
booth,11,101.0,101,,False,மேவளுர்குப்பம்,770,231,218,280,-13,-62,,nktSu;Fg;gk;,0.3,0.2831168831168831,0.36363636363636365,729,41,0.053246753246753244
booth,11,102.0,102,,False,தண்டலம்,873,305,149,381,-156,-232,,jz;lyk;,0.34936998854524626,0.1706758304696449,0.436426116838488,835,38,0.043528064146620846
booth,11,103.0,103,,False,தண்டலம்,908,235,138,492,-97,-354,,jz;lyk;,0.2588105726872247,0.15198237885462554,0.5418502202643172,865,43,0.0473568281938326
booth,11,104.0,104,,False,கீவளுர்,898,177,260,426,83,-166,,fPtSu;,0.19710467706013363,0.289532293986637,0.47438752783964366,863,35,0.03897550111358575
booth,11,105.0,105,,False,காட்ரம்பாக்கம்,801,203,196,378,-7,-182,,fhl;uk;ghf;fk;,0.2534332084893883,0.24469413233458176,0.47191011235955055,777,24,0.0299625468164794
booth,11,106.0,106,,False,காட்ரம்பாக்கம்,851,208,178,428,-30,-250,,fhl;uk;ghf;fk;,0.2444183313748531,0.209165687426557,0.5029377203290247,814,37,0.043478260869565216
booth,11,107.0,107,,False,காட்ரம்பாக்கம்,746,195,215,304,20,-89,,fhl;uk;ghf;fk;,0.2613941018766756,0.28820375335120646,0.4075067024128686,714,32,0.04289544235924933
booth,11,108.0,108,,False,காட்ரம்பாக்கம்,627,158,127,304,-31,-177,,fhl;uk;ghf;fk;,0.25199362041467305,0.2025518341307815,0.48484848484848486,589,38,0.06060606060606061
booth,11,109.0,109,,False,இருங்காட்டுக் கோட்டை,914,159,278,433,119,-155,,",U';fhl;Lf; nfhl;il",0.1739606126914661,0.3041575492341357,0.4737417943107221,870,44,0.04814004376367615
booth,11,110.0,110,,False,இருங்காட்டுக் கோட்டை,849,221,215,386,-6,-171,,",U';fhl;Lf; nfhl;il",0.26030624263839813,0.25323910482921086,0.4546525323910483,822,27,0.03180212014134275
booth,12,111.0,111,,False,பென்னலூர்,742,171,216,329,45,-113,,bgd;dY}u;,0.23045822102425875,0.29110512129380056,0.44339622641509435,716,26,0.03504043126684636
booth,12,112.0,112,,False,பென்னலூர்,772,195,148,397,-47,-249,,bgd;dY}u;,0.25259067357512954,0.19170984455958548,0.5142487046632125,740,32,0.04145077720207254
booth,12,113.0,113,,False,அமரம்பேடு,937,356,270,283,-86,-13,,mkuk;ngL,0.3799359658484525,0.288153681963714,0.30202774813233724,909,28,0.029882604055496264
booth,12,114.0,114,,False,நந்தம்பாக்கம்,616,178,97,303,-81,-206,,ee;jk;ghf;fk;,0.288961038961039,0.15746753246753248,0.49188311688311687,578,38,0.06168831168831169
booth,12,115.0,115,,False,நந்தம்பாக்கம்,762,192,138,381,-54,-243,,ee;jk;ghf;fk;,0.25196850393700787,0.18110236220472442,0.5,711,51,0.06692913385826772
booth,12,116.0,116,,False,நந்தம்பாக்கம்,625,190,67,332,-123,-265,,ee;jk;ghf;fk;,0.304,0.1072,0.5312,589,36,0.0576
booth,12,117.0,117,,False,நந்தம்பாக்கம் பெரியார் நகர்,751,229,141,344,-88,-203,,ee;jk;ghf;fk; bgupahu; efu;,0.30492676431424764,0.1877496671105193,0.4580559254327563,714,37,0.0492676431424767
booth,12,118.0,118,,False,நந்தம்பாக்கம் பெரியார் நகர்,619,136,111,340,-25,-229,,ee;jk;ghf;fk; bgupahu; efu;,0.2197092084006462,0.17932148626817448,0.5492730210016155,587,32,0.051696284329563816
booth,12,119.0,119,,False,நந்தம்பாக்கம்,800,265,120,382,-145,-262,,ee;jk;ghf;fk;,0.33125,0.15,0.4775,767,33,0.04125
booth,12,120.0,120,,False,நந்தம்பாக்கம் நாயுடு தெரு,952,265,243,413,-22,-170,,ee;jk;ghf;fk; eha[L bjU,0.27836134453781514,0.2552521008403361,0.4338235294117647,921,31,0.032563025210084036
booth,13,121.0,121,,False,நந்தம்பாக்கம் நாயுடு தெரு,617,165,108,301,-57,-193,,ee;jk;ghf;fk; eha[L bjU,0.26742301458670986,0.17504051863857376,0.4878444084278768,574,43,0.06969205834683954
booth,13,122.0,122,,False,நந்தம்பாக்கம்,833,222,133,432,-89,-299,,ee;jk;ghf;fk;,0.2665066026410564,0.15966386554621848,0.5186074429771909,787,46,0.055222088835534214
booth,13,123.0,123,,False,நந்தம்பாக்கம் பெரியார் நகர்,283,128,30,115,-98,-85,,ee;jk;ghf;fk; bgupahu; efu;,0.45229681978798586,0.10600706713780919,0.40636042402826855,273,10,0.0353356890459364
booth,13,124.0,124,,False,நந்தம்பாக்கம் பெரியார் நகர்,833,296,124,365,-172,-241,,ee;jk;ghf;fk; bgupahu; efu;,0.3553421368547419,0.148859543817527,0.4381752701080432,785,48,0.057623049219687875
booth,13,125.0,125,,False,நந்தம்பாக்கம்,608,171,112,282,-59,-170,,ee;jk;ghf;fk;,0.28125,0.18421052631578946,0.46381578947368424,565,43,0.07072368421052631
booth,13,126.0,126,,False,நந்தம்பாக்கம்,760,169,95,428,-74,-333,,ee;jk;ghf;fk;,0.22236842105263158,0.125,0.5631578947368421,692,68,0.08947368421052632
booth,13,127.0,127,,False,நந்தம்பாக்கம் (நாயுடு தெரு),437,117,67,216,-50,-149,,ee;jk;ghf;fk; (eha[L bjU),0.26773455377574373,0.15331807780320367,0.494279176201373,400,37,0.08466819221967964
booth,13,128.0,127,A,True,நந்தம்பாக்கம் (நாயுடு தெரு),470,103,83,261,-20,-178,,ee;jk;ghf;fk; (eha[L bjU),0.21914893617021278,0.17659574468085107,0.5553191489361702,447,23,0.04893617021276596
booth,13,129.0,128,,False,நந்தம்பாக்கம் (நாயுடு தெரு),822,249,150,383,-99,-233,,ee;jk;ghf;fk; (eha[L bjU),0.3029197080291971,0.18248175182481752,0.4659367396593674,782,40,0.04866180048661801
booth,14,130.0,129,,False,நந்தம்பாக்கம் (நாயுடு தெரு),799,187,169,402,-18,-233,,ee;jk;ghf;fk; (eha[L bjU),0.23404255319148937,0.21151439299123906,0.5031289111389237,758,41,0.05131414267834793
booth,14,131.0,130,,False,நந்தம்பாக்கம் காலனி,806,231,135,403,-96,-268,,ee;jk;ghf;fk; fhydp,0.2866004962779156,0.1674937965260546,0.5,769,37,0.04590570719602978
booth,14,132.0,131,,False,நந்தம்பாக்கம் காலனி,859,198,166,452,-32,-286,,ee;jk;ghf;fk; fhydp,0.23050058207217694,0.19324796274738068,0.5261932479627474,816,43,0.050058207217694994
booth,14,133.0,132,,False,சிறுகளத்தூர்,779,156,199,380,43,-181,,rpWfsj;J}u;,0.20025673940949937,0.2554557124518614,0.4878048780487805,735,44,0.05648267008985879
booth,14,134.0,133,,False,சிறுகளத்தூர்,752,197,190,324,-7,-134,,rpWfsj;J}u;,0.261968085106383,0.2526595744680851,0.4308510638297872,711,41,0.05452127659574468
booth,14,135.0,134,,False,சிறுகளத்தூர் கெல஡ிபேட்டை,932,244,273,378,29,-105,,rpWfsj;J}u; bfyongl;il,0.26180257510729615,0.2929184549356223,0.4055793991416309,895,37,0.03969957081545064
booth,14,136.0,135,,False,சிறுகளத்தூர் கெல஡ிப் பேட்டை,941,217,279,398,62,-119,,rpWfsj;J}u; bfyog; ngl;il,0.230605738575983,0.2964930924548353,0.42295430393198724,894,47,0.04994686503719448
booth,14,137.0,136,,False,சிறுகளத்தூர் கெல஡ிப் பேட்டை,1075,249,312,468,63,-156,,rpWfsj;J}u; bfyog; ngl;il,0.23162790697674418,0.29023255813953486,0.43534883720930234,1029,46,0.04279069767441861
booth,14,138.0,137,,False,மலையம் பாக்கம்,892,195,195,460,0,-265,,kiyak; ghf;fk;,0.218609865470852,0.218609865470852,0.515695067264574,850,42,0.04708520179372197
booth,14,139.0,138,,False,மலையம் பாக்கம்,894,258,135,448,-123,-313,,kiyak; ghf;fk;,0.28859060402684567,0.15100671140939598,0.5011185682326622,841,53,0.0592841163310962
booth,15,140.0,139,,False,மலையம் பாக்கம்,894,235,157,457,-78,-300,,kiyak; ghf;fk;,0.26286353467561524,0.1756152125279642,0.5111856823266219,849,45,0.050335570469798654
booth,15,141.0,140,,False,மலையம் பாக்கம்,886,206,244,373,38,-129,,kiyak; ghf;fk;,0.2325056433408578,0.27539503386004516,0.42099322799097066,823,63,0.07110609480812641
booth,15,142.0,141,,False,மலையம் பாக்கம்,798,180,121,443,-59,-322,,kiyak; ghf;fk;,0.22556390977443608,0.15162907268170425,0.5551378446115288,744,54,0.06766917293233082
booth,15,143.0,142,,False,மலையம் பாக்கம்,1074,171,233,616,62,-383,,kiyak; ghf;fk;,0.15921787709497207,0.2169459962756052,0.5735567970204841,1020,54,0.05027932960893855
booth,15,144.0,143,,False,மலையம்பாக்கம்,755,223,220,281,-3,-61,,kiyak;ghf;fk;,0.295364238410596,0.2913907284768212,0.37218543046357616,724,31,0.04105960264900662
booth,15,145.0,144,,False,மலையம் பாக்கம்,812,244,245,300,1,-55,,kiyak; ghf;fk;,0.30049261083743845,0.3017241379310345,0.3694581280788177,789,23,0.02832512315270936
booth,15,146.0,145,,False,மலையம் பாக்கம்,750,181,190,353,9,-163,,kiyak; ghf;fk;,0.24133333333333334,0.25333333333333335,0.4706666666666667,724,26,0.034666666666666665
booth,15,147.0,146,,False,மலையம் பாக்கம்,843,204,302,306,98,-4,,kiyak; ghf;fk;,0.24199288256227758,0.3582443653618031,0.36298932384341637,812,31,0.036773428232502965
booth,15,148.0,147,,False,கொல்லச்சேரி,864,241,191,395,-50,-204,,bfhy;yr;nrup,0.2789351851851852,0.22106481481481483,0.45717592592592593,827,37,0.04282407407407408
booth,15,149.0,148,,False,கொல்லச்சேரி,739,197,203,296,6,-93,,bfhy;yr;nrup,0.2665764546684709,0.2746955345060893,0.40054127198917455,696,43,0.058186738836265225
booth,15,150.0,149,,False,கொல்லச்சேரி,697,195,231,244,36,-13,,bfhy;yr;nrup,0.2797704447632712,0.3314203730272597,0.3500717360114778,670,27,0.03873744619799139
booth,15,151.0,150,,False,கொல்லச்சேரி,546,126,120,274,-6,-154,,bfhy;yr;nrup,0.23076923076923078,0.21978021978021978,0.5018315018315018,520,26,0.047619047619047616
booth,15,152.0,151,,False,கொல்லச்சேரி,520,114,111,257,-3,-146,,bfhy;yr;nrup,0.21923076923076923,0.21346153846153845,0.49423076923076925,482,38,0.07307692307692308
booth,16,153.0,152,,False,கொபுமணி வாக்கம்,1070,286,198,542,-88,-344,,bfhGkzp thf;fk;,0.2672897196261682,0.18504672897196262,0.5065420560747663,1026,44,0.041121495327102804
booth,16,154.0,153,,False,கொபுமணி வாக்கம்,1072,257,247,480,-10,-233,,bfhGkzp thf;fk;,0.23973880597014927,0.23041044776119404,0.44776119402985076,984,88,0.08208955223880597
booth,16,155.0,154,,False,கொபுமணி வாக்கம்,1034,314,245,419,-69,-174,,bfhGkzp thf;fk;,0.3036750483558994,0.2369439071566731,0.40522243713733075,978,56,0.05415860735009671
booth,16,156.0,155,,False,மாங்காடு (நகராட்சி),582,298,36,225,-262,-189,,kh';fhL (efuhl;rp),0.5120274914089347,0.061855670103092786,0.3865979381443299,559,23,0.03951890034364261
booth,16,157.0,156,,False,மாங்காடு (நகராட்சி),682,257,90,297,-167,-207,,kh';fhL (efuhl;rp),0.37683284457478006,0.13196480938416422,0.43548387096774194,644,38,0.05571847507331378
booth,16,158.0,157,,False,மாங்காடு நகராட்சி,882,476,32,344,-444,-312,,kh';fhL efuhl;rp,0.5396825396825397,0.036281179138321996,0.3900226757369615,852,30,0.034013605442176874
booth,16,159.0,158,,False,மாங்காடு,807,199,261,304,62,-43,,kh';fhL,0.24659231722428748,0.32342007434944237,0.37670384138785623,764,43,0.05328376703841388
booth,16,160.0,159,,False,மாங்காடு,754,237,126,354,-111,-228,,kh';fhL,0.31432360742705573,0.16710875331564987,0.46949602122015915,717,37,0.04907161803713528
booth,16,161.0,160,,False,மாங்காடு,932,249,174,418,-75,-244,,kh';fhL,0.26716738197424894,0.18669527896995708,0.44849785407725323,841,91,0.09763948497854077
booth,16,162.0,161,,False,மாங்காடு,527,165,95,242,-70,-147,,kh';fhL,0.31309297912713474,0.18026565464895636,0.45920303605313095,502,25,0.04743833017077799
booth,17,163.0,162,,False,மாங்காடு,511,188,88,207,-100,-119,,kh';fhL,0.3679060665362035,0.17221135029354206,0.4050880626223092,483,28,0.0547945205479452
booth,17,164.0,163,,False,மாங்காடு,848,356,98,350,-258,-252,,kh';fhL,0.419811320754717,0.11556603773584906,0.41273584905660377,804,44,0.05188679245283019
booth,17,165.0,164,,False,மாங்காடு,849,265,110,433,-155,-323,,kh';fhL,0.3121319199057715,0.12956419316843346,0.5100117785630153,808,41,0.048292108362779744
booth,17,166.0,165,,False,மாங்காடு,669,169,110,361,-59,-251,,kh';fhL,0.2526158445440957,0.16442451420029897,0.5396113602391629,640,29,0.043348281016442454
booth,17,167.0,166,,False,மாங்காடு,661,208,114,309,-94,-195,,kh';fhL,0.3146747352496218,0.17246596066565809,0.46747352496217853,631,30,0.0453857791225416
booth,17,168.0,167,,False,மாங்காடு,761,245,106,365,-139,-259,,kh';fhL,0.3219448094612352,0.1392904073587385,0.47963206307490147,716,45,0.05913272010512484
booth,17,169.0,168,,False,மாங்காடு,574,170,80,290,-90,-210,,kh';fhL,0.2961672473867596,0.13937282229965156,0.5052264808362369,540,34,0.059233449477351915
booth,17,170.0,169,,False,மாங்காடு (நகராட்சி),939,245,144,491,-101,-347,,kh';fhL (efuhl;rp),0.26091586794462196,0.15335463258785942,0.5228966986155484,880,59,0.06283280085197018
booth,17,171.0,170,,False,மாங்காடு (நகராட்சி),535,158,92,257,-66,-165,,kh';fhL (efuhl;rp),0.2953271028037383,0.17196261682242991,0.4803738317757009,507,28,0.052336448598130844
booth,17,172.0,170,A,True,மாங்காடு நகராட்சி,539,159,67,283,-92,-216,,kh';fhL efuhl;rp,0.2949907235621521,0.12430426716141002,0.5250463821892394,509,30,0.055658627087198514
booth,17,173.0,171,,False,மாங்காடு,644,161,149,307,-12,-158,,kh';fhL,0.25,0.23136645962732919,0.4767080745341615,617,27,0.04192546583850932
booth,17,174.0,172,,False,மாங்காடு,825,225,223,339,-2,-116,,kh';fhL,0.2727272727272727,0.2703030303030303,0.4109090909090909,787,38,0.04606060606060606
booth,18,175.0,173,,False,மாங்காடு,825,242,171,374,-71,-203,,kh';fhL,0.29333333333333333,0.20727272727272728,0.4533333333333333,787,38,0.04606060606060606
booth,18,176.0,174,,False,மாங்காடு,858,196,255,350,59,-95,,kh';fhL,0.22843822843822845,0.2972027972027972,0.40792540792540793,801,57,0.06643356643356643
booth,18,177.0,175,,False,மாங்காடு,618,94,154,346,60,-192,,kh';fhL,0.15210355987055016,0.24919093851132687,0.5598705501618123,594,24,0.038834951456310676
booth,18,178.0,176,,False,மாங்காடு,600,174,141,254,-33,-113,,kh';fhL,0.29,0.235,0.42333333333333334,569,31,0.051666666666666666
booth,18,179.0,177,,False,மாங்காடு,949,279,162,437,-117,-275,,kh';fhL,0.2939936775553214,0.17070600632244468,0.46048472075869334,878,71,0.07481559536354057
booth,18,180.0,178,,False,மாங்காடு,792,213,179,353,-34,-174,,kh';fhL,0.2689393939393939,0.22601010101010102,0.4457070707070707,745,47,0.059343434343434344
booth,18,181.0,179,,False,மாங்காடு,572,164,102,277,-62,-175,,kh';fhL,0.2867132867132867,0.17832167832167833,0.48426573426573427,543,29,0.050699300699300696
booth,18,182.0,180,,False,மாங்காடு,479,105,81,266,-24,-185,,kh';fhL,0.21920668058455114,0.16910229645093947,0.5553235908141962,452,27,0.05636743215031315
booth,18,183.0,181,,False,மாங்காடு (நகராட்சி),752,191,174,357,-17,-183,,kh';fhL (efuhl;rp),0.25398936170212766,0.23138297872340424,0.4747340425531915,722,30,0.0398936170212766
booth,18,184.0,182,,False,மாங்காடு (நகராட்சி),735,215,117,364,-98,-247,,kh';fhL (efuhl;rp),0.2925170068027211,0.15918367346938775,0.49523809523809526,696,39,0.053061224489795916
booth,18,185.0,183,,False,மாங்காடு (நகராட்சி),855,226,149,424,-77,-275,,kh';fhL (efuhl;rp),0.26432748538011697,0.1742690058479532,0.495906432748538,799,56,0.06549707602339182
booth,19,186.0,184,,False,மாங்காடு நகராட்சி,886,268,114,442,-154,-328,,kh';fhL efuhl;rp,0.30248306997742663,0.12866817155756208,0.49887133182844245,824,62,0.06997742663656885
booth,19,187.0,185,,False,மாங்காடு,878,219,189,430,-30,-241,,kh';fhL,0.24943052391799544,0.2152619589977221,0.489749430523918,838,40,0.04555808656036447
booth,19,188.0,186,,False,மாங்காடு,941,291,170,449,-121,-279,,kh';fhL,0.30924548352816156,0.1806588735387885,0.4771519659936238,910,31,0.03294367693942614
booth,19,189.0,187,,False,மாங்காடு,744,209,145,357,-64,-212,,kh';fhL,0.28091397849462363,0.19489247311827956,0.4798387096774194,711,33,0.04435483870967742
booth,19,190.0,188,,False,மாங்காடு,937,304,158,426,-146,-268,,kh';fhL,0.3244397011739594,0.16862326574172892,0.45464247598719315,888,49,0.052294557097118465
booth,19,191.0,189,,False,மாங்காடு,879,353,224,271,-129,-47,,kh';fhL,0.40159271899886234,0.25483503981797495,0.3083048919226394,848,31,0.03526734926052332
booth,19,192.0,190,,False,மாங்காடு,752,243,159,306,-84,-147,,kh';fhL,0.32313829787234044,0.21143617021276595,0.40691489361702127,708,44,0.05851063829787234
booth,19,193.0,191,,False,பட்டு மாங்காடு,659,211,183,244,-28,-61,,gl;L kh';fhL,0.3201820940819423,0.27769347496206376,0.37025796661608495,638,21,0.03186646433990895
booth,19,194.0,192,,False,பட்டு மாங்காடு,801,510,46,218,-464,-172,,gl;L kh';fhL,0.6367041198501873,0.05742821473158552,0.2721598002496879,774,27,0.033707865168539325
booth,19,195.0,193,,False,பட்டு மாங்காடு,666,437,44,169,-393,-125,,gl;L kh';fhL,0.6561561561561562,0.06606606606606606,0.25375375375375375,650,16,0.024024024024024024
booth,19,196.0,194,,False,பட்டு மாங்காடு,858,597,47,182,-550,-135,,gl;L kh';fhL,0.6958041958041958,0.054778554778554776,0.21212121212121213,826,32,0.037296037296037296
booth,19,197.0,195,,False,பட்டு மாங்காடு,859,191,240,378,49,-138,,gl;L kh';fhL,0.22235157159487776,0.27939464493597205,0.440046565774156,809,50,0.05820721769499418
booth,19,198.0,196,,False,பட்டுமாங்காடு,839,261,185,353,-76,-168,,gl;Lkh';fhL,0.3110846245530393,0.2205005959475566,0.42073897497020263,799,40,0.04767580452920143
booth,19,199.0,197,,False,பட்டு மாங்காடு,783,509,36,211,-473,-175,,gl;L kh';fhL,0.6500638569604087,0.04597701149425287,0.26947637292464877,756,27,0.034482758620689655
booth,20,200.0,198,,False,பட்டு மாங்காடு,969,621,25,294,-596,-269,,gl;L kh';fhL,0.6408668730650154,0.025799793601651185,0.30340557275541796,940,29,0.029927760577915376
booth,20,201.0,199,,False,பட்டு மாங்காடு,693,183,244,235,61,9,,gl;L kh';fhL,0.26406926406926406,0.35209235209235207,0.33910533910533913,662,31,0.044733044733044736
booth,20,202.0,200,,False,பட்டு மாங்காடு,760,484,45,203,-439,-158,,gl;L kh';fhL,0.6368421052631579,0.05921052631578947,0.26710526315789473,732,28,0.03684210526315789
booth,20,203.0,201,,False,சிக்கராயபுரம்,810,207,178,380,-29,-202,,rpf;fuhag[uk;,0.25555555555555554,0.21975308641975308,0.4691358024691358,765,45,0.05555555555555555
booth,20,204.0,202,,False,சிக்கராயபுரம்,779,167,191,376,24,-185,,rpf;fuhag[uk;,0.21437740693196405,0.24518613607188702,0.48267008985879334,734,45,0.057766367137355584
booth,20,205.0,203,,False,சிக்கராயபுரம்,804,160,134,465,-26,-331,,rpf;fuhag[uk;,0.19900497512437812,0.16666666666666666,0.5783582089552238,759,45,0.055970149253731345
booth,20,206.0,204,,False,சிக்கராயபுரம்,885,173,130,540,-43,-410,,rpf;fuhag[uk;,0.19548022598870057,0.14689265536723164,0.6101694915254238,843,42,0.04745762711864407
booth,20,207.0,205,,False,சிக்கராயபுரம்,757,184,141,399,-43,-258,,rpf;fuhag[uk;,0.2430647291941876,0.18626155878467635,0.5270805812417437,724,33,0.043593130779392336
booth,20,208.0,206,,False,சிக்கராயபுரம்,951,220,181,486,-39,-305,,rpf;fuhag[uk;,0.231335436382755,0.19032597266035753,0.5110410094637224,887,64,0.06729758149316509
booth,20,209.0,207,,False,சிக்கராயபுரம்,906,151,240,465,89,-225,,rpf;fuhag[uk;,0.16666666666666666,0.26490066225165565,0.5132450331125827,856,50,0.05518763796909492
booth,20,210.0,208,,False,சிக்கராயபுரம்,814,168,164,430,-4,-266,,rpf;fuhag[uk;,0.20638820638820637,0.20147420147420148,0.5282555282555282,762,52,0.06388206388206388
booth,20,211.0,209,,False,சிக்கராயபுரம்,780,120,275,345,155,-70,,rpf;fuhag[uk;,0.15384615384615385,0.3525641025641026,0.4423076923076923,740,40,0.05128205128205128
booth,20,212.0,210,,False,சிக்கராயபுரம்,743,188,170,347,-18,-177,,rpf;fuhag[uk;,0.253028263795424,0.2288021534320323,0.4670255720053836,705,38,0.05114401076716016
booth,20,213.0,211,,False,சிக்கராயபுரம்,928,167,186,514,19,-328,,rpf;fuhag[uk;,0.17995689655172414,0.20043103448275862,0.5538793103448276,867,61,0.06573275862068965
booth,20,214.0,212,,False,குன்றத்தூர் கரைமா,877,204,224,395,20,-171,,Fd;wj;J}u; fiukh,0.23261117445838084,0.2554161915621437,0.45039908779931587,823,54,0.06157354618015964
booth,21,215.0,213,,False,குன்றத்தூர் கரைமா நகர்,736,217,147,308,-70,-161,,Fd;wj;J}u; fiukh efu;,0.29483695652173914,0.19972826086956522,0.41847826086956524,672,64,0.08695652173913043
booth,21,216.0,214,,False,குன்றத்தூர் கரைமா நகர்,505,145,78,247,-67,-169,,Fd;wj;J}u; fiukh efu;,0.2871287128712871,0.15445544554455445,0.4891089108910891,470,35,0.06930693069306931
booth,21,217.0,214,A,True,குன்றத்தூர் கரைமா நகர்,574,141,83,310,-58,-227,,Fd;wj;J}u; fiukh efu;,0.2456445993031359,0.1445993031358885,0.5400696864111498,534,40,0.06968641114982578
booth,21,218.0,215,,False,குன்றத்தூர் கரைமா நகர்,727,183,96,394,-87,-298,,Fd;wj;J}u; fiukh efu;,0.2517193947730399,0.13204951856946354,0.5419532324621733,673,54,0.07427785419532325
booth,21,219.0,215,A,True,குன்றத்தூர் கரைமா நகர்,440,111,58,225,-53,-167,,Fd;wj;J}u; fiukh efu;,0.25227272727272726,0.1318181818181818,0.5113636363636364,394,46,0.10454545454545454
booth,21,220.0,216,,False,குன்றத்தூர் கரைமாநகர்,591,152,93,316,-59,-223,,Fd;wj;J}u; fiukhefu;,0.2571912013536379,0.15736040609137056,0.5346869712351946,561,30,0.050761421319796954
booth,21,221.0,217,,False,குன்றத்தூர் கரைமா நகர்,792,164,123,452,-41,-329,,Fd;wj;J}u; fiukh efu;,0.20707070707070707,0.1553030303030303,0.5707070707070707,739,53,0.06691919191919192
booth,21,222.0,218,,False,குன்றத்தூர் கரைமா நகர்,504,148,84,236,-64,-152,,Fd;wj;J}u; fiukh efu;,0.29365079365079366,0.16666666666666666,0.46825396825396826,468,36,0.07142857142857142
booth,21,223.0,218,A,True,குன்றத்தூர் கரைமா நகர்,523,122,78,279,-44,-201,,Fd;wj;J}u; fiukh efu;,0.2332695984703633,0.1491395793499044,0.5334608030592735,479,44,0.0841300191204589
booth,22,224.0,219,,False,குன்றத்தூர் கரைமா நகர்,808,196,131,411,-65,-280,,Fd;wj;J}u; fiukh efu;,0.24257425742574257,0.16212871287128713,0.5086633663366337,738,70,0.08663366336633663
booth,22,225.0,220,,False,குன்றத்தூர் (கரைமா நகர்),592,156,148,263,-8,-115,,Fd;wj;J}u; (fiukh efu;),0.2635135135135135,0.25,0.44425675675675674,567,25,0.04222972972972973
booth,22,226.0,220,A,True,குன்றத்தூர் (கரைமா நகர்),500,114,79,284,-35,-205,,Fd;wj;J}u; (fiukh efu;),0.228,0.158,0.568,477,23,0.046
booth,22,227.0,221,,False,குன்றத்தூர் (திருநாகேஸ் வரம்),625,138,102,331,-36,-229,,Fd;wj;J}u; (jpUehnf!; tuk;),0.2208,0.1632,0.5296,571,54,0.0864
booth,22,228.0,222,,False,குன்றத்தூர் மாணிக்கம் நகர்,638,163,104,323,-59,-219,,Fd;wj;J}u; khzpf;fk; efu;,0.2554858934169279,0.16300940438871472,0.5062695924764891,590,48,0.07523510971786834
booth,22,229.0,223,,False,குன்றத்தூர் மாணிக்கம் நகர்,509,132,137,193,5,-56,,Fd;wj;J}u; khzpf;fk; efu;,0.2593320235756385,0.2691552062868369,0.3791748526522593,462,47,0.09233791748526522
booth,22,230.0,223,A,True,குன்றத்தூர் மாணிக்கம் நகர்,547,123,148,236,25,-88,,Fd;wj;J}u; khzpf;fk; efu;,0.22486288848263253,0.27056672760511885,0.43144424131627057,507,40,0.07312614259597806
booth,22,231.0,224,,False,குன்றத்தூர் வெங்கடாபுரம்,747,198,173,334,-25,-161,,Fd;wj;J}u; bt';flhg[uk;,0.26506024096385544,0.23159303882195448,0.44712182061579653,705,42,0.05622489959839357
booth,23,232.0,225,,False,குன்றத்தூர் வெங்கடாபுரம்,708,171,121,358,-50,-237,,Fd;wj;J}u; bt';flhg[uk;,0.24152542372881355,0.1709039548022599,0.5056497175141242,650,58,0.08192090395480225
booth,23,233.0,226,,False,குன்றத்தூர் மணஷ்சேரி,744,164,198,341,34,-143,,"Fd;wj;J}u; kz"";nrup",0.22043010752688172,0.2661290322580645,0.4583333333333333,703,41,0.05510752688172043
booth,23,234.0,227,,False,குன்றத்தூர் மேலண்டை தெரு,831,211,116,450,-95,-334,,Fd;wj;J}u; nkyz;il bjU,0.2539109506618532,0.13959085439229843,0.5415162454873647,777,54,0.06498194945848375
booth,23,235.0,228,,False,குன்றத்தூர் மேலாண்டை தெரு,102,37,17,43,-20,-26,,Fd;wj;J}u; nkyhz;il bjU,0.3627450980392157,0.16666666666666666,0.4215686274509804,97,5,0.049019607843137254
booth,23,236.0,229,,False,குன்றத்தூர் மேலண்டை தெரு,863,223,176,427,-47,-251,,Fd;wj;J}u; nkyz;il bjU,0.25840092699884126,0.20393974507531865,0.4947856315179606,826,37,0.04287369640787949
booth,23,237.0,230,,False,குன்றத்தூர் மாணிக்கம் நகர்,927,201,326,362,125,-36,,Fd;wj;J}u; khzpf;fk; efu;,0.2168284789644013,0.3516720604099245,0.39050701186623515,889,38,0.040992448759439054
booth,23,238.0,231,,False,குன்றத்தூர் மாணிக்கம் நகர்,871,204,188,435,-16,-247,,Fd;wj;J}u; khzpf;fk; efu;,0.23421354764638347,0.2158438576349024,0.49942594718714123,827,44,0.0505166475315729
booth,23,239.0,232,,False,குன்றத்தூர் (மாணிக்கம் நகர்),771,166,138,413,-28,-275,,Fd;wj;J}u; (khzpf;fk; efu;),0.21530479896238652,0.17898832684824903,0.5356679636835279,717,54,0.07003891050583658
booth,23,240.0,233,,False,Mixed குன்றத்தூர் ( ),773,269,184,270,-85,-86,,Mixed Fd;wj;J}u; ( ),0.34799482535575677,0.23803363518758086,0.34928848641655885,723,50,0.0646830530401035
booth,24,241.0,234,,False,Mixed குன்றத்தூர் ( ),831,199,175,401,-24,-226,,Mixed Fd;wj;J}u; ( ),0.2394705174488568,0.21058965102286403,0.4825511432009627,775,56,0.06738868832731648
booth,24,242.0,235,,False,Mixed குன்றத்தூர் ( ),690,230,154,270,-76,-116,,Mixed Fd;wj;J}u; ( ),0.3333333333333333,0.22318840579710145,0.391304347826087,654,36,0.05217391304347826
booth,24,243.0,236,,False,Mixed குன்றத்தூர் ( ),825,251,155,375,-96,-220,,Mixed Fd;wj;J}u; ( ),0.30424242424242426,0.18787878787878787,0.45454545454545453,781,44,0.05333333333333334
booth,24,244.0,237,,False,Mixed குன்றத்தூர் ( ),769,226,108,385,-118,-277,,Mixed Fd;wj;J}u; ( ),0.293888166449935,0.14044213263979194,0.5006501950585176,719,50,0.06501950585175553
booth,24,245.0,238,,False,குன்றத்தூர்,857,249,151,412,-98,-261,,Fd;wj;J}u;,0.29054842473745623,0.176196032672112,0.4807467911318553,812,45,0.052508751458576426
booth,24,246.0,239,,False,Mixed குன்றத்தூர் ( ),747,206,111,386,-95,-275,,Mixed Fd;wj;J}u; ( ),0.2757697456492637,0.14859437751004015,0.5167336010709505,703,44,0.058902275769745646
booth,24,247.0,240,,False,குன்றத்தூர்,851,229,161,401,-68,-240,,Fd;wj;J}u;,0.2690951821386604,0.1891891891891892,0.4712103407755582,791,60,0.07050528789659224
booth,24,248.0,241,,False,குன்றத்தூர் மாணிக்கம் நகர்,607,119,137,311,18,-174,,Fd;wj;J}u; khzpf;fk; efu;,0.19604612850082373,0.2257001647446458,0.5123558484349259,567,40,0.06589785831960461
booth,24,249.0,242,,False,குன்றத்தூர் மாணிக்கம் நகர்,581,124,114,304,-10,-190,,Fd;wj;J}u; khzpf;fk; efu;,0.2134251290877797,0.1962134251290878,0.5232358003442341,542,39,0.06712564543889846
booth,24,250.0,243,,False,குன்றத்தூர்,740,283,104,313,-179,-209,,Fd;wj;J}u;,0.3824324324324324,0.14054054054054055,0.422972972972973,700,40,0.05405405405405406
booth,25,251.0,244,,False,குன்றத்தூர்,746,193,161,368,-32,-207,,Fd;wj;J}u;,0.2587131367292225,0.2158176943699732,0.4932975871313673,722,24,0.032171581769437
booth,25,252.0,245,,False,குன்றத்தூர்,884,276,170,386,-106,-216,,Fd;wj;J}u;,0.31221719457013575,0.19230769230769232,0.43665158371040724,832,52,0.058823529411764705
booth,25,253.0,246,,False,குன்றத்தூர் நகராட்சி,735,248,116,330,-132,-214,,Fd;wj;J}u; efuhl;rp,0.33741496598639453,0.15782312925170067,0.4489795918367347,694,41,0.055782312925170066
booth,25,254.0,247,,False,குன்றத்தூர் நகராட்சி,921,212,206,459,-6,-253,,Fd;wj;J}u; efuhl;rp,0.2301845819761129,0.22366992399565688,0.498371335504886,877,44,0.04777415852334419
booth,25,255.0,248,,False,குன்றத்தூர் நகராட்சி,737,191,130,385,-61,-255,,Fd;wj;J}u; efuhl;rp,0.2591587516960651,0.17639077340569878,0.5223880597014925,706,31,0.04206241519674356
booth,25,256.0,249,,False,குன்றத்தூர் நத்தம்,856,249,267,313,18,-46,,Fd;wj;J}u; ej;jk;,0.2908878504672897,0.3119158878504673,0.36565420560747663,829,27,0.03154205607476635
booth,25,257.0,250,,False,குன்றத்தூர் நத்தம்,876,255,256,334,1,-78,,Fd;wj;J}u; ej;jk;,0.2910958904109589,0.2922374429223744,0.3812785388127854,845,31,0.03538812785388128
booth,25,258.0,251,,False,குன்றத்தூர் நத்தம்,756,209,204,294,-5,-90,,Fd;wj;J}u; ej;jk;,0.27645502645502645,0.2698412698412698,0.3888888888888889,707,49,0.06481481481481481
booth,25,259.0,252,,False,குன்றத்தூர்,711,168,119,381,-49,-262,,Fd;wj;J}u;,0.23628691983122363,0.16736990154711673,0.5358649789029536,668,43,0.06047819971870605
booth,25,260.0,253,,False,குன்றத்தூர்,885,150,191,492,41,-301,,Fd;wj;J}u;,0.1694915254237288,0.21581920903954802,0.5559322033898305,833,52,0.05875706214689266
booth,25,261.0,254,,False,குன்றத்தூர்,473,138,77,237,-61,-160,,Fd;wj;J}u;,0.2917547568710359,0.16279069767441862,0.5010570824524313,452,21,0.04439746300211417
booth,25,262.0,255,,False,குன்றத்தூர்,829,189,158,437,-31,-279,,Fd;wj;J}u;,0.22798552472858866,0.19059107358262967,0.5271411338962606,784,45,0.054282267792521106
booth,26,263.0,256,,False,குன்றத்தூர்,833,199,141,463,-58,-322,,Fd;wj;J}u;,0.2388955582232893,0.16926770708283315,0.5558223289315727,803,30,0.03601440576230492
booth,26,264.0,257,,False,குன்றத்தூர்,751,206,152,349,-54,-197,,Fd;wj;J}u;,0.27430093209054596,0.20239680426098536,0.4647137150466045,707,44,0.05858854860186418
booth,26,265.0,258,,False,குன்றத்தூர்,770,269,110,345,-159,-235,,Fd;wj;J}u;,0.34935064935064936,0.14285714285714285,0.44805194805194803,724,46,0.05974025974025974
booth,26,266.0,259,,False,குன்றத்தூர்,763,246,108,365,-138,-257,,Fd;wj;J}u;,0.3224115334207077,0.14154652686762778,0.4783748361730013,719,44,0.057667103538663174
booth,26,267.0,260,,False,குன்றத்தூர்,781,208,127,409,-81,-282,,Fd;wj;J}u;,0.26632522407170295,0.16261203585147246,0.5236875800256082,744,37,0.04737516005121639
booth,26,268.0,261,,False,குன்றத்தூர் நகராட்சி,831,192,130,447,-62,-317,,Fd;wj;J}u; efuhl;rp,0.23104693140794225,0.15643802647412755,0.5379061371841155,769,62,0.07460890493381468
booth,26,269.0,262,,False,குன்றத்தூர் நகராட்சி,861,263,156,398,-107,-242,,Fd;wj;J}u; efuhl;rp,0.305458768873403,0.18118466898954705,0.462253193960511,817,44,0.05110336817653891
booth,26,270.0,263,,False,குன்றத்தூர் நகராட்சி,622,164,105,317,-59,-212,,Fd;wj;J}u; efuhl;rp,0.26366559485530544,0.16881028938906753,0.5096463022508039,586,36,0.05787781350482315
booth,26,271.0,264,,False,திருமு஡ிவாக்கம்,989,309,164,465,-145,-301,,jpUKothf;fk;,0.31243680485338726,0.16582406471183014,0.47017189079878663,938,51,0.05156723963599596
booth,26,272.0,265,,False,திருமு஡ிவாக்கம்,853,303,151,350,-152,-199,,jpUKothf;fk;,0.3552168815943728,0.17702227432590856,0.41031652989449,804,49,0.05744431418522861
booth,26,273.0,266,,False,திருமு஡ிவாக்கம்,937,339,207,341,-132,-134,,jpUKothf;fk;,0.3617929562433298,0.2209178228388474,0.3639274279615795,887,50,0.05336179295624333
booth,26,274.0,267,,False,திருமு஡ிவாக்கம்,547,158,96,257,-62,-161,,jpUKothf;fk;,0.28884826325411334,0.17550274223034734,0.46983546617915906,511,36,0.06581352833638025
booth,26,275.0,267,A,True,திருமு஡ிவாக்கம்,465,110,106,211,-4,-105,,jpUKothf;fk;,0.23655913978494625,0.22795698924731184,0.45376344086021503,427,38,0.08172043010752689
booth,27,276.0,268,,False,பழந்தண்டலம்,913,189,253,412,64,-159,,gHe;jz;lyk;,0.20700985761226726,0.27710843373493976,0.45125958378970427,854,59,0.06462212486308871
booth,27,277.0,269,,False,பழந்தண்டலம்,806,163,242,362,79,-120,,gHe;jz;lyk;,0.2022332506203474,0.3002481389578164,0.4491315136476427,767,39,0.04838709677419355
booth,27,278.0,270,,False,பழந்தண்டலம்,841,247,180,366,-67,-186,,gHe;jz;lyk;,0.29369797859690844,0.2140309155766944,0.4351961950059453,793,48,0.057074910820451845
booth,27,280.0,272,,False,பழந்தண்டலம் எருமையூர்,726,169,205,316,36,-111,,gHe;jz;lyk; vUika{u; - - -,0.2327823691460055,0.28236914600550966,0.43526170798898073,690,36,0.049586776859504134
booth,27,281.0,273,,False,எருமையூர்,932,323,207,358,-116,-151,,vUika{u;,0.3465665236051502,0.22210300429184548,0.38412017167381973,888,44,0.04721030042918455
booth,27,282.0,274,,False,நல்லூர்,851,185,182,457,-3,-275,,ey;Y}u;,0.21739130434782608,0.21386603995299647,0.5370152761457109,824,27,0.03172737955346651
booth,27,283.0,275,,False,நல்லூர்,870,185,162,477,-23,-315,,ey;Y}u;,0.21264367816091953,0.18620689655172415,0.5482758620689655,824,46,0.052873563218390804
booth,27,284.0,276,,False,நல்லூர்,1055,308,236,465,-72,-229,,ey;Y}u;,0.2919431279620853,0.22369668246445498,0.44075829383886256,1009,46,0.043601895734597156
booth,27,285.0,277,,False,நல்லூர்,719,160,125,400,-35,-275,,ey;Y}u;,0.22253129346314326,0.17385257301808066,0.5563282336578581,685,34,0.04728789986091794
booth,27,286.0,278,,False,நல்லூர்,759,145,136,451,-9,-315,,ey;Y}u;,0.19104084321475626,0.17918313570487485,0.5942028985507246,732,27,0.03557312252964427
booth,27,287.0,279,,False,பூந்தண்டலம்,812,235,115,416,-120,-301,,g{e;jz;lyk;,0.2894088669950739,0.1416256157635468,0.5123152709359606,766,46,0.05665024630541872
booth,27,288.0,280,,False,பூந்தண்டலம்,803,198,130,431,-68,-301,,g{e;jz;lyk;,0.2465753424657534,0.16189290161892902,0.5367372353673724,759,44,0.0547945205479452
booth,27,289.0,281,,False,பூந்தண்டலம்,673,190,105,348,-85,-243,,g{e;jz;lyk;,0.2823179791976226,0.15601783060921248,0.5170876671619614,643,30,0.04457652303120357
booth,28,290.0,282,,False,பூந்தண்டலம்,929,328,200,359,-128,-159,,g{e;jz;lyk;,0.35306781485468247,0.21528525296017223,0.38643702906350913,887,42,0.04520990312163617
booth,28,291.0,283,,False,சோமங்கலம்,527,114,126,276,12,-150,,nrhk';fyk;,0.21631878557874762,0.23908918406072105,0.523719165085389,516,11,0.020872865275142316
booth,28,292.0,284,,False,சோமங்கலம்,813,168,222,377,54,-155,,nrhk';fyk;,0.2066420664206642,0.2730627306273063,0.46371463714637146,767,46,0.056580565805658053
booth,28,293.0,285,,False,சோமங்கலம்,967,204,244,469,40,-225,,nrhk';fyk;,0.2109617373319545,0.25232678386763185,0.48500517063081694,917,50,0.05170630816959669
booth,28,294.0,286,,False,சோமங்கலம்,577,109,198,250,89,-52,,nrhk';fyk;,0.18890814558058924,0.3431542461005199,0.43327556325823224,557,20,0.03466204506065858
booth,28,295.0,287,,False,சோமங்கலம்,912,250,247,377,-3,-130,,nrhk';fyk;,0.2741228070175439,0.2708333333333333,0.4133771929824561,874,38,0.041666666666666664
booth,28,296.0,288,,False,நடுவீரப்பட்டு,592,252,57,260,-195,-203,,eLtPug;gl;L,0.42567567567567566,0.09628378378378379,0.4391891891891892,569,23,0.03885135135135135
booth,28,297.0,289,,False,நடுவீரப்பட்டு,501,187,111,185,-76,-74,,eLtPug;gl;L,0.37325349301397204,0.2215568862275449,0.36926147704590817,483,18,0.03592814371257485
booth,28,298.0,290,,False,நடுவீரப்பட்டு,1022,389,203,405,-186,-202,,eLtPug;gl;L,0.3806262230919765,0.19863013698630136,0.39628180039138944,997,25,0.02446183953033268
booth,28,299.0,291,,False,நடுவீரப்பட்டு,902,385,93,382,-292,-289,,eLtPug;gl;L,0.4268292682926829,0.10310421286031042,0.42350332594235035,860,42,0.04656319290465632
booth,28,300.0,292,,False,நடுவீரப் பட்டு,750,210,273,250,63,23,,eLtPug; gl;L,0.28,0.364,0.3333333333333333,733,17,0.02266666666666667
booth,28,301.0,293,,False,நடுவீரப்பட்டு,629,256,81,251,-175,-170,,eLtPug;gl;L,0.4069952305246423,0.1287758346581876,0.3990461049284579,588,41,0.06518282988871224
booth,28,302.0,294,,False,நடுவீரப்பட்டு,824,319,134,339,-185,-205,,eLtPug;gl;L,0.3871359223300971,0.16262135922330098,0.41140776699029125,792,32,0.038834951456310676
booth,28,303.0,295,,False,நடுவீரப்பட்டு,845,319,118,362,-201,-244,,eLtPug;gl;L,0.37751479289940826,0.13964497041420118,0.4284023668639053,799,46,0.054437869822485205
booth,29,304.0,296,,False,நடுவீரப்பட்டு,703,222,103,345,-119,-242,,eLtPug;gl;L,0.3157894736842105,0.1465149359886202,0.4907539118065434,670,33,0.04694167852062589
booth,29,305.0,297,,False,வரதராஜபுரம்,789,299,134,313,-165,-179,,tujuh$g[uk;,0.37896070975918883,0.16983523447401774,0.39670468948035487,746,43,0.05449936628643853
booth,29,306.0,298,,False,வரதராஜபுரம்,570,175,122,244,-53,-122,,tujuh$g[uk;,0.30701754385964913,0.21403508771929824,0.4280701754385965,541,29,0.05087719298245614
booth,29,307.0,299,,False,வரதராஜபுரம் அஷ்டலட்சுமி நகர்,464,142,98,196,-44,-98,,tujuh$g[uk; m&;lyl;Rkp efu;,0.30603448275862066,0.21120689655172414,0.4224137931034483,436,28,0.0603448275862069
booth,29,308.0,300,,False,வரதராஜபுரம் அஷ்டலட்சுமி நகர்,499,158,78,214,-80,-136,,tujuh$g[uk; m&;lyl;Rkp efu;,0.3166332665330661,0.156312625250501,0.4288577154308617,450,49,0.09819639278557114
booth,29,309.0,301,,False,வரதராஜபுரம் அஷ்டலட்சுமி நகர்,543,174,82,253,-92,-171,,tujuh$g[uk; m&;lyl;Rkp efu;,0.32044198895027626,0.15101289134438306,0.46593001841620624,509,34,0.06261510128913444
booth,29,310.0,302,,False,வரதராஜபுரம்,982,306,263,354,-43,-91,,tujuh$g[uk;,0.31160896130346233,0.26782077393075354,0.3604887983706721,923,59,0.06008146639511202
booth,29,311.0,303,,False,வரதராஜபுரம்,456,163,124,156,-39,-32,,tujuh$g[uk;,0.3574561403508772,0.2719298245614035,0.34210526315789475,443,13,0.02850877192982456
booth,29,312.0,304,,False,வரதராஜபுரம் அஷ்டலட்சுமி நகர்,641,170,130,289,-40,-159,,tujuh$g[uk; m&;lyl;Rkp efu;,0.26521060842433697,0.20280811232449297,0.45085803432137284,589,52,0.0811232449297972
booth,29,313.0,305,,False,வரதராஜபுரம்,521,136,101,249,-35,-148,,tujuh$g[uk;,0.26103646833013433,0.19385796545105566,0.4779270633397313,486,35,0.0671785028790787
booth,30,314.0,306,,False,வரதராஜபுரம் பி஡ிசி கோட்ரஸ்,614,196,97,274,-99,-177,,tujuh$g[uk; gporp nfhl;u!;,0.31921824104234525,0.15798045602605862,0.44625407166123776,567,47,0.07654723127035831
booth,30,315.0,307,,False,வரதராஜபுரம் பி஡ிசி கோட்ரஸ்,802,258,142,340,-116,-198,,tujuh$g[uk; gporp nfhl;u!;,0.32169576059850374,0.1770573566084788,0.4239401496259352,740,62,0.0773067331670823
booth,30,316.0,308,,False,வரதராஜபுரம் அஷ்டலட்சுமி நகர்,777,192,169,365,-23,-196,,tujuh$g[uk; m&;lyl;Rkp efu;,0.2471042471042471,0.2175032175032175,0.4697554697554698,726,51,0.06563706563706563
booth,30,317.0,309,,False,வரதராஜபுரம் அஷ்டலட்சுமி நகர்,664,157,161,313,4,-152,,tujuh$g[uk; m&;lyl;Rkp efu;,0.23644578313253012,0.24246987951807228,0.4713855421686747,631,33,0.04969879518072289
booth,30,318.0,310,,False,கரசங்கால்,806,189,121,433,-68,-312,,fur';fhy;,0.23449131513647642,0.1501240694789082,0.5372208436724566,743,63,0.07816377171215881
booth,30,319.0,311,,False,கரசங்கால்,693,192,154,303,-38,-149,,fur';fhy;,0.27705627705627706,0.2222222222222222,0.43722943722943725,649,44,0.06349206349206349
booth,30,320.0,312,,False,கரசங்கால்,656,166,103,357,-63,-254,,fur';fhy;,0.2530487804878049,0.15701219512195122,0.5442073170731707,626,30,0.04573170731707317
booth,30,321.0,313,,False,கரசங்கால்,711,216,112,348,-104,-236,,fur';fhy;,0.3037974683544304,0.15752461322081576,0.48945147679324896,676,35,0.04922644163150492
booth,30,322.0,314,,False,கரசங்கால்,906,219,200,448,-19,-248,,fur';fhy;,0.24172185430463577,0.22075055187637968,0.49448123620309054,867,39,0.04304635761589404
booth,30,323.0,315,,False,மணிமங்கலம்,909,330,145,389,-185,-244,,kzpk';fyk;,0.36303630363036304,0.15951595159515952,0.42794279427942794,864,45,0.04950495049504951
booth,31,324.0,316,,False,மணிமங்கலம்,862,276,141,405,-135,-264,,kzpk';fyk;,0.32018561484918795,0.16357308584686775,0.46983758700696054,822,40,0.04640371229698376
booth,31,325.0,317,,False,மணிமங்கலம்,748,167,168,367,1,-199,,kzpk';fyk;,0.2232620320855615,0.22459893048128343,0.49064171122994654,702,46,0.06149732620320856
booth,31,326.0,318,,False,மணிமங்கலம்,824,195,160,423,-35,-263,,kzpk';fyk;,0.2366504854368932,0.1941747572815534,0.5133495145631068,778,46,0.055825242718446605
booth,31,327.0,319,,False,மணிமங்கலம்,996,267,151,520,-116,-369,,kzpk';fyk;,0.2680722891566265,0.15160642570281124,0.5220883534136547,938,58,0.05823293172690763
booth,31,328.0,320,,False,மணிமங்கலம்,878,234,133,459,-101,-326,,kzpk';fyk;,0.26651480637813213,0.15148063781321183,0.5227790432801822,826,52,0.05922551252847381
booth,31,329.0,321,,False,மணிமங்கலம் ஆதிதிராவிடர்,830,390,89,308,-301,-219,,kzpk';fyk; Mjpjpuhtplu;,0.46987951807228917,0.10722891566265061,0.3710843373493976,787,43,0.051807228915662654
booth,31,330.0,322,,False,காலனி மணிமங்கலம்,974,354,173,387,-181,-214,,fhydp kzpk';fyk;,0.36344969199178645,0.17761806981519507,0.3973305954825462,914,60,0.061601642710472276
booth,31,331.0,323,,False,மலைப்பட்டு,894,175,280,412,105,-132,,kiyg;gl;L,0.19574944071588368,0.3131991051454139,0.4608501118568233,867,27,0.030201342281879196
booth,31,332.0,324,,False,சேத்துப்பட்டு,868,171,313,348,142,-35,,nrj;Jg;gl;L,0.19700460829493088,0.36059907834101385,0.4009216589861751,832,36,0.041474654377880185
booth,31,333.0,325,,False,நாவலூர்,658,196,131,305,-65,-174,,ehtY}u;,0.2978723404255319,0.19908814589665655,0.4635258358662614,632,26,0.03951367781155015
booth,31,334.0,326,,False,நாவலூர்,464,102,104,232,2,-128,,ehtY}u;,0.21982758620689655,0.22413793103448276,0.5,438,26,0.05603448275862069
booth,31,335.0,327,,False,கொளத்தூர்,839,268,198,339,-70,-141,,bfhsj;J}u;,0.31942789034564956,0.2359952324195471,0.40405244338498214,805,34,0.04052443384982122
booth,32,336.0,328,,False,வெங்காடு,817,199,223,360,24,-137,,bt';fhL,0.24357405140758873,0.2729498164014688,0.44063647490820074,782,35,0.042839657282741736
booth,32,337.0,329,,False,இரும்பேடு,558,94,215,225,121,-10,,",Uk;ngL",0.16845878136200718,0.38530465949820786,0.4032258064516129,534,24,0.043010752688172046
booth,32,338.0,330,,False,பிள்ளைப் பாக்கம்,575,186,162,211,-24,-49,,gps;isg; ghf;fk;,0.3234782608695652,0.2817391304347826,0.36695652173913046,559,16,0.02782608695652174
booth,32,339.0,331,,False,பிள்ளைப் பாக்கம்,798,231,202,343,-29,-141,,gps;isg; ghf;fk;,0.2894736842105263,0.2531328320802005,0.4298245614035088,776,22,0.02756892230576441
booth,32,340.0,332,,False,கடுவஷ்சேரி,605,179,206,202,27,4,,"fLt"";nrup",0.2958677685950413,0.34049586776859503,0.3338842975206612,587,18,0.02975206611570248
booth,32,341.0,333,,False,மாகாண்யம்,628,231,121,261,-110,-140,,khfhz;ak;,0.3678343949044586,0.1926751592356688,0.4156050955414013,613,15,0.02388535031847134
booth,32,342.0,334,,False,மாகாண்யம்,509,110,132,247,22,-115,,khfhz;ak;,0.21611001964636542,0.2593320235756385,0.48526522593320237,489,20,0.03929273084479371
booth,32,343.0,335,,False,மாகாண்யம்,775,241,162,338,-79,-176,,khfhz;ak;,0.3109677419354839,0.20903225806451614,0.43612903225806454,741,34,0.04387096774193548
booth,32,344.0,336,,False,குண்டுபெரும் பேடு,540,164,83,265,-81,-182,,Fz;LbgUk; ngL,0.3037037037037037,0.1537037037037037,0.49074074074074076,512,28,0.05185185185185185
booth,32,345.0,337,,False,குண்டு பெரும்பேடு,533,215,84,205,-131,-121,,Fz;L bgUk;ngL,0.40337711069418386,0.1575984990619137,0.38461538461538464,504,29,0.054409005628517824
booth,32,346.0,338,,False,வளத்தாஷ்சேரி,611,167,121,290,-46,-169,,"tsj;jh"";nrup",0.2733224222585925,0.19803600654664485,0.4746317512274959,578,33,0.054009819967266774
booth,33,347.0,339,,False,வளத்தாஷ்சேரி,650,183,161,273,-22,-112,,"tsj;jh"";nrup",0.2815384615384615,0.24769230769230768,0.42,617,33,0.05076923076923077
booth,33,348.0,340,,False,பால்நல்லூர்,923,298,226,350,-72,-124,,ghy;ey;Y}u;,0.3228602383531961,0.24485373781148428,0.37919826652221017,874,49,0.05308775731310943
booth,33,349.0,341,,False,பால்நல்லூர்,675,184,159,310,-25,-151,,ghy;ey;Y}u;,0.2725925925925926,0.23555555555555555,0.45925925925925926,653,22,0.03259259259259259
booth,33,350.0,342,,False,வல்லம்,929,239,174,478,-65,-304,,ty;yk;,0.2572658772874058,0.18729817007534985,0.5145317545748116,891,38,0.04090419806243272
booth,33,351.0,343,,False,வல்லம்,880,251,201,398,-50,-197,,ty;yk;,0.2852272727272727,0.22840909090909092,0.45227272727272727,850,30,0.03409090909090909
booth,33,352.0,344,,False,வல்லக் கோட்டை,719,206,205,276,-1,-71,,ty;yf; nfhl;il,0.2865090403337969,0.2851182197496523,0.38386648122392214,687,32,0.04450625869262865
booth,33,353.0,345,,False,வல்லக் கோட்டை,628,141,233,236,92,-3,,ty;yf; nfhl;il,0.22452229299363058,0.37101910828025475,0.37579617834394907,610,18,0.028662420382165606
booth,33,354.0,346,,False,எறையூர்,594,254,129,191,-125,-62,,viwa{u;,0.4276094276094276,0.21717171717171718,0.32154882154882153,574,20,0.03367003367003367
booth,33,355.0,347,,False,எறையூர்,798,228,252,299,24,-47,,viwa{u;,0.2857142857142857,0.3157894736842105,0.37468671679197996,779,19,0.023809523809523808
booth,33,356.0,348,,False,மாத்தூர்,854,240,176,390,-64,-214,,khj;J}u;,0.2810304449648712,0.20608899297423888,0.4566744730679157,806,48,0.05620608899297424
booth,33,357.0,349,,False,மாத்தூர்,716,206,142,330,-64,-188,,khj;J}u;,0.2877094972067039,0.19832402234636873,0.46089385474860334,678,38,0.05307262569832402
booth,33,358.0,350,,False,மேட்டு பாளையம்,953,263,196,451,-67,-255,,nkl;L ghisak;,0.2759706190975866,0.20566631689401887,0.4732423924449108,910,43,0.04512067156348373
booth,33,359.0,351,,False,பண்ருட்஡ி,838,208,298,297,90,1,,gz;Ul;o,0.24821002386634844,0.3556085918854415,0.35441527446300713,803,35,0.041766109785202864
booth,33,360.0,352,,False,பண்ருட்஡ி,781,225,245,277,20,-32,,gz;Ul;o,0.2880921895006402,0.31370038412291934,0.3546734955185659,747,34,0.04353393085787452
booth,34,361.0,353,,False,எழிச்சூர்,810,219,241,308,22,-67,,vHpr;N:u;,0.27037037037037037,0.2975308641975309,0.3802469135802469,768,42,0.05185185185185185
booth,34,362.0,354,,False,எழிச்சூர்,823,297,304,177,7,127,,vHpr;N:u;,0.36087484811664644,0.36938031591737547,0.21506682867557717,778,45,0.054678007290400975
booth,34,363.0,355,,False,வடக்குப்பட்டு,888,203,253,351,50,-98,,tlf;Fg;gl;L,0.2286036036036036,0.2849099099099099,0.3952702702702703,807,81,0.09121621621621621
booth,34,364.0,356,,False,வடக்குப்பட்டு,751,164,202,325,38,-123,,tlf;Fg;gl;L,0.21837549933422104,0.26897470039946736,0.43275632490013316,691,60,0.07989347536617843
booth,34,365.0,357,,False,வடக்குப்பட்டு,642,140,216,240,76,-24,,tlf;Fg;gl;L,0.21806853582554517,0.3364485981308411,0.37383177570093457,596,46,0.07165109034267912
booth,34,366.0,358,,False,நாட்டரசம்பட்டு,858,238,212,363,-26,-151,,ehl;lurk;gl;L,0.2773892773892774,0.24708624708624707,0.4230769230769231,813,45,0.05244755244755245
booth,34,367.0,359,,False,நாட்டரசன்பட்டு,801,304,189,268,-115,-79,,ehl;lurd;gl;L,0.37952559300873906,0.23595505617977527,0.33458177278401996,761,40,0.049937578027465665
booth,34,368.0,360,,False,நாட்டரசன்பட்டு,641,218,141,254,-77,-113,,ehl;lurd;gl;L,0.34009360374414976,0.21996879875195008,0.3962558502340094,613,28,0.0436817472698908
booth,34,369.0,361,,False,உமையாள் பரணிச்சேரி,749,214,155,338,-59,-183,,cikahs; guzpr;nrup,0.2857142857142857,0.20694259012016022,0.4512683578104139,707,42,0.056074766355140186
booth,34,370.0,362,,False,உமையாள் பரணிச்சேரி,703,190,226,260,36,-34,,cikahs; guzpr;nrup,0.2702702702702703,0.32147937411095306,0.36984352773826457,676,27,0.03840682788051209
booth,34,371.0,363,,False,வட்டம்பாக்கம்,748,279,185,255,-94,-70,,tl;lk;ghf;fk;,0.3729946524064171,0.24732620320855614,0.3409090909090909,719,29,0.03877005347593583
booth,34,372.0,364,,False,வட்டம்பாக்கம்,643,221,167,235,-54,-68,,tl;lk;ghf;fk;,0.343701399688958,0.25972006220839816,0.3654743390357698,623,20,0.03110419906687403
booth,34,373.0,365,,False,ஒரகடம்,699,170,109,396,-61,-287,,xuflk;,0.24320457796852646,0.15593705293276108,0.5665236051502146,675,24,0.034334763948497854
booth,35,374.0,366,,False,ஒரகடம்,818,221,153,410,-68,-257,,xuflk;,0.2701711491442543,0.18704156479217604,0.5012224938875306,784,34,0.04156479217603912
booth,35,375.0,367,,False,செரப்பனஷ்சேரி,632,158,187,266,29,-79,,"brug;gd"";nrup",0.25,0.2958860759493671,0.4208860759493671,611,21,0.03322784810126582
booth,35,376.0,368,,False,செரப்பனஷ்சேரி,628,139,185,267,46,-82,,"brug;gd"";nrup",0.2213375796178344,0.2945859872611465,0.4251592356687898,591,37,0.0589171974522293
booth,35,377.0,369,,False,நாவலூர்,535,131,84,288,-47,-204,,ehtY}u;,0.24485981308411214,0.15700934579439252,0.5383177570093458,503,32,0.059813084112149535
booth,35,378.0,370,,False,நாவலூர்,568,110,111,308,1,-197,,ehtY}u;,0.1936619718309859,0.1954225352112676,0.5422535211267606,529,39,0.06866197183098592
booth,35,379.0,371,,False,நாவலூர்,662,128,113,380,-15,-267,,ehtY}u;,0.1933534743202417,0.17069486404833836,0.5740181268882175,621,41,0.061933534743202415
booth,35,380.0,372,,False,ஆரம்பாக்கம்,569,152,95,290,-57,-195,,Muk;ghf;fk;,0.2671353251318102,0.16695957820738136,0.5096660808435852,537,32,0.056239015817223195
booth,35,381.0,373,,False,ஆரம்பாக்கம்,724,215,114,351,-101,-237,,Muk;ghf;fk;,0.2969613259668508,0.1574585635359116,0.48480662983425415,680,44,0.06077348066298342
booth,35,382.0,374,,False,வுழங்கசேரி,531,132,116,256,-16,-140,,TH';fnrup,0.24858757062146894,0.2184557438794727,0.4821092278719397,504,27,0.05084745762711865
booth,35,383.0,375,,False,வுழங்கச்சேரி,519,142,135,222,-7,-87,,TH';fr;nrup,0.27360308285163776,0.26011560693641617,0.4277456647398844,499,20,0.038535645472061654
booth,35,384.0,376,,False,வஷ்சுவாஷ்சேரி,726,211,104,369,-107,-265,,"t"";Rth"";nrup",0.290633608815427,0.14325068870523416,0.5082644628099173,684,42,0.05785123966942149
booth,35,385.0,377,,False,வஷ்சுவாஷ்சேரி,550,146,98,274,-48,-176,,"t"";Rth"";nrup",0.26545454545454544,0.1781818181818182,0.49818181818181817,518,32,0.05818181818181818
booth,35,386.0,378,,False,வஷ்சுவாஷ்சேரி,609,203,108,266,-95,-158,,"t"";Rth"";nrup",0.3333333333333333,0.17733990147783252,0.4367816091954023,577,32,0.052545155993431854
booth,36,387.0,379,,False,ஆதனஷ்சேரி,965,276,160,483,-116,-323,,"Mjd"";nrup",0.2860103626943005,0.16580310880829016,0.5005181347150259,919,46,0.04766839378238342
booth,36,388.0,380,,False,ஆதனஷ்சேரி,942,267,100,516,-167,-416,,"Mjd"";nrup",0.28343949044585987,0.10615711252653928,0.5477707006369427,883,59,0.06263269639065817
booth,36,389.0,381,,False,ஆதனஷ்சேரி,913,279,200,370,-79,-170,,"Mjd"";nrup",0.30558598028477546,0.21905805038335158,0.40525739320920046,849,64,0.0700985761226725
booth,36,390.0,382,,False,ஆதனஷ்சேரி,790,173,163,401,-10,-238,,"Mjd"";nrup",0.2189873417721519,0.20632911392405062,0.5075949367088608,737,53,0.0670886075949367
booth,36,391.0,383,,False,ஆதனஷ்சேரி,600,138,129,278,-9,-149,,"Mjd"";nrup",0.23,0.215,0.4633333333333333,545,55,0.09166666666666666
booth,36,392.0,384,,False,சாலமங்கலம்,978,233,175,521,-58,-346,,rhyk';fyk;,0.23824130879345604,0.17893660531697342,0.532719836400818,929,49,0.050102249488752554
booth,36,393.0,385,,False,சாலமங்கலம்,1008,255,148,547,-107,-399,,rhyk';fyk;,0.25297619047619047,0.14682539682539683,0.5426587301587301,950,58,0.057539682539682536
booth,36,394.0,386,,False,சாலமங்கலம்,977,211,273,438,62,-165,,rhyk';fyk;,0.21596724667349027,0.27942681678607983,0.4483111566018424,922,55,0.05629477993858751
booth,36,395.0,387,,False,சாலமங்கலம்,943,208,246,443,38,-197,,rhyk';fyk;,0.2205726405090138,0.2608695652173913,0.46977730646871685,897,46,0.04878048780487805
booth,36,397.0,389,,False,சாலமங்கலம் கீழ் படப்பை,845,261,247,298,-14,-51,,rhyk';fyk; fPH; glg;ig - - -,0.3088757396449704,0.2923076923076923,0.3526627218934911,806,39,0.046153846153846156
booth,36,398.0,390,,False,கீழ் படப்பை,990,268,255,420,-13,-165,,fPH; glg;ig,0.27070707070707073,0.25757575757575757,0.42424242424242425,943,47,0.047474747474747475
booth,36,399.0,391,,False,கீழ் படப்பை,748,205,141,363,-64,-222,,fPH; glg;ig,0.27406417112299464,0.18850267379679145,0.4852941176470588,709,39,0.05213903743315508
booth,37,400.0,392,,False,மேல்படப்பை,634,222,96,285,-126,-189,,nky;glg;ig,0.3501577287066246,0.15141955835962145,0.44952681388012616,603,31,0.04889589905362776
booth,37,401.0,393,,False,மேல்படப்பை,662,220,99,310,-121,-211,,nky;glg;ig,0.3323262839879154,0.14954682779456194,0.46827794561933533,629,33,0.04984894259818731
booth,37,402.0,394,,False,மேல் படப்பை,450,139,96,199,-43,-103,,nky; glg;ig,0.3088888888888889,0.21333333333333335,0.44222222222222224,434,16,0.035555555555555556
booth,37,403.0,395,,False,மேல்படப்பை,580,176,100,272,-76,-172,,nky;glg;ig,0.30344827586206896,0.1724137931034483,0.4689655172413793,548,32,0.05517241379310345
booth,37,404.0,396,,False,மேல்படப்பை,593,197,102,258,-95,-156,,nky;glg;ig,0.33220910623946037,0.17200674536256325,0.4350758853288364,557,36,0.06070826306913996
booth,37,405.0,397,,False,மேல்படப்பை,878,271,180,384,-91,-204,,nky;glg;ig,0.3086560364464693,0.20501138952164008,0.43735763097949887,835,43,0.0489749430523918
booth,37,406.0,398,,False,மேல்படப்பை,905,236,219,407,-17,-188,,nky;glg;ig,0.26077348066298345,0.2419889502762431,0.44972375690607735,862,43,0.04751381215469613
booth,37,407.0,399,,False,மேல்படப்பை,439,126,109,188,-17,-79,,nky;glg;ig,0.2870159453302961,0.24829157175398633,0.428246013667426,423,16,0.03644646924829157
booth,37,408.0,400,,False,மேல்படப்பை,945,303,218,370,-85,-152,,nky;glg;ig,0.32063492063492066,0.2306878306878307,0.3915343915343915,891,54,0.05714285714285714
booth,37,409.0,401,,False,ஆதனூர் (஡ி.஡ி.சி.நகர்),502,147,82,243,-65,-161,,MjD}u; (o/o/rp/efu;),0.29282868525896416,0.16334661354581673,0.48406374501992033,472,30,0.05976095617529881
booth,37,410.0,402,,False,ஆதனூர் ஡ி.஡ி.சி.நகர்,652,166,145,304,-21,-159,,MjD}u; o/o/rp/efu;,0.254601226993865,0.2223926380368098,0.4662576687116564,615,37,0.05674846625766871
booth,37,411.0,403,,False,ஆதனூர் ஡ி.஡ி.சி. நகர்,571,180,110,248,-70,-138,,MjD}u; o/o/rp/ efu;,0.31523642732049034,0.19264448336252188,0.4343257443082312,538,33,0.05779334500875657
booth,38,412.0,404,,False,ஆதனூர் ஡ி஡ிசி நகர்,717,227,112,332,-115,-220,,MjD}u; oorp efu;,0.31659693165969316,0.15620641562064155,0.4630404463040446,671,46,0.06415620641562064
booth,38,413.0,405,,False,ஆதனூர் ஡ி஡ிசி நகர்,783,202,151,386,-51,-235,,MjD}u; oorp efu;,0.25798212005108556,0.19284802043422733,0.4929757343550447,739,44,0.0561941251596424
booth,38,414.0,406,,False,ஆதனூர்,731,225,150,307,-75,-157,,MjD}u;,0.307797537619699,0.2051983584131327,0.41997264021887826,682,49,0.06703146374829001
booth,38,415.0,407,,False,ஆதனூர்,558,120,117,274,-3,-157,,MjD}u;,0.21505376344086022,0.20967741935483872,0.4910394265232975,511,47,0.08422939068100359
booth,38,416.0,408,,False,ஆதனூர்,859,229,185,382,-44,-197,,MjD}u;,0.26658905704307334,0.21536670547147846,0.4447031431897555,796,63,0.07334109429569266
booth,38,417.0,409,,False,ஆதனூர்,563,143,124,244,-19,-120,,MjD}u;,0.2539964476021314,0.2202486678507993,0.433392539964476,511,52,0.09236234458259325
booth,38,418.0,409,A,True,ஆதனூர்,518,124,84,261,-40,-177,,MjD}u;,0.23938223938223938,0.16216216216216217,0.5038610038610039,469,49,0.0945945945945946
booth,38,419.0,410,,False,ஆதனூர்,854,220,191,371,-29,-180,,MjD}u;,0.2576112412177986,0.22365339578454332,0.4344262295081967,782,72,0.08430913348946135
booth,38,420.0,411,,False,ஒரத்தூர்,721,189,288,225,99,63,,xuj;J}u;,0.2621359223300971,0.39944521497919555,0.3120665742024965,702,19,0.026352288488210817
booth,38,421.0,412,,False,ஒரத்தூர்,778,170,300,287,130,13,,xuj;J}u;,0.2185089974293059,0.3856041131105398,0.36889460154241643,757,21,0.02699228791773779
booth,38,422.0,413,,False,ஒரத்தூர்,820,195,231,344,36,-113,,xuj;J}u;,0.23780487804878048,0.2817073170731707,0.4195121951219512,770,50,0.06097560975609756
booth,38,423.0,414,,False,ஒரத்தூர்,806,183,230,348,47,-118,,xuj;J}u;,0.22704714640198512,0.2853598014888337,0.4317617866004963,761,45,0.05583126550868486
booth,38,424.0,415,,False,ஒரத்தூர்,855,211,266,335,55,-69,,xuj;J}u;,0.24678362573099416,0.3111111111111111,0.391812865497076,812,43,0.050292397660818715
booth,39,425.0,416,,False,காவனூர்,723,240,179,279,-61,-100,,fhtD}u;,0.33195020746887965,0.2475795297372061,0.38589211618257263,698,25,0.034578146611341634
booth,39,426.0,417,,False,காவனூர்,841,266,196,350,-70,-154,,fhtD}u;,0.3162901307966706,0.23305588585017836,0.4161712247324614,812,29,0.034482758620689655
booth,39,427.0,418,,False,காவனூர்,784,217,192,339,-25,-147,,fhtD}u;,0.2767857142857143,0.24489795918367346,0.43239795918367346,748,36,0.04591836734693878
booth,39,428.0,419,,False,கொருக்கந் தாங்கல்,300,88,71,123,-17,-52,,bfhUf;fe; jh';fy;,0.29333333333333333,0.23666666666666666,0.41,282,18,0.06
booth,39,429.0,420,,False,கொருக்கந் தாங்கல்,587,195,125,242,-70,-117,,bfhUf;fe; jh';fy;,0.3321976149914821,0.21294718909710392,0.4122657580919932,562,25,0.04258943781942078
booth,39,430.0,421,,False,கொருக்கந் தாங்கல்,784,252,162,328,-90,-166,,bfhUf;fe; jh';fy;,0.32142857142857145,0.2066326530612245,0.41836734693877553,742,42,0.05357142857142857
booth,39,431.0,422,,False,மாடம்பாக்கம்,693,241,123,295,-118,-172,,khlk;ghf;fk;,0.3477633477633478,0.1774891774891775,0.42568542568542567,659,34,0.049062049062049064
booth,39,432.0,423,,False,மாடம்பாக்கம்,874,290,114,424,-176,-310,,khlk;ghf;fk;,0.3318077803203661,0.13043478260869565,0.4851258581235698,828,46,0.05263157894736842
booth,40,433.0,424,,False,மாடம்பாக்கம்,759,282,110,326,-172,-216,,khlk;ghf;fk;,0.3715415019762846,0.14492753623188406,0.4295125164690382,718,41,0.05401844532279315
booth,40,434.0,425,,False,மாடம்பாக்கம்,737,232,70,388,-162,-318,,khlk;ghf;fk;,0.3147896879240163,0.09497964721845319,0.5264586160108549,690,47,0.06377204884667571
booth,40,435.0,426,,False,மாடம்பாக்கம்,827,234,111,442,-123,-331,,khlk;ghf;fk;,0.282950423216445,0.13422007255139057,0.5344619105199516,787,40,0.04836759371221282
booth,40,436.0,427,,False,மாடம்பாக்கம்,492,149,85,224,-64,-139,,khlk;ghf;fk;,0.30284552845528456,0.17276422764227642,0.45528455284552843,458,34,0.06910569105691057
booth,40,437.0,427,A,True,மாடம்பாக்கம்,504,132,77,255,-55,-178,,khlk;ghf;fk;,0.2619047619047619,0.1527777777777778,0.5059523809523809,464,40,0.07936507936507936
booth,40,438.0,428,,False,மாடம்பாக்கம்,601,156,105,312,-51,-207,,khlk;ghf;fk;,0.259567387687188,0.17470881863560733,0.519134775374376,573,28,0.04658901830282862
booth,40,439.0,429,,False,மாடம்பாக்கம்,825,237,95,439,-142,-344,,khlk;ghf;fk;,0.2872727272727273,0.11515151515151516,0.5321212121212121,771,54,0.06545454545454546
booth,40,440.0,430,,False,மாடம்பாக்கம்,533,138,73,290,-65,-217,,khlk;ghf;fk;,0.2589118198874296,0.13696060037523453,0.5440900562851783,501,32,0.0600375234521576
booth,40,441.0,431,,False,மாடம்பாக்கம்,703,239,67,359,-172,-292,,khlk;ghf;fk;,0.3399715504978663,0.0953058321479374,0.5106685633001422,665,38,0.05405405405405406
booth,40,442.0,432,,False,மாடம்பாக்கம்,748,280,71,356,-209,-285,,khlk;ghf;fk;,0.37433155080213903,0.09491978609625669,0.47593582887700536,707,41,0.05481283422459893
booth,40,443.0,433,,False,மாடம்பாக்கம் (குத்தனூர்),784,233,127,381,-106,-254,,khlk;ghf;fk; (Fj;jD}u;),0.2971938775510204,0.16198979591836735,0.48596938775510207,741,43,0.0548469387755102
booth,40,444.0,434,,False,மாடம்பாக்கம் குத்தனூர்,472,137,69,246,-68,-177,,khlk;ghf;fk; Fj;jD}u;,0.2902542372881356,0.1461864406779661,0.5211864406779662,452,20,0.0423728813559322
booth,40,445.0,434,A,True,மாடம்பாக்கம்,598,149,98,303,-51,-205,,khlk;ghf;fk;,0.2491638795986622,0.16387959866220736,0.5066889632107023,550,48,0.0802675585284281
booth,41,446.0,435,,False,மாடம்பாக்கம் குத்தனூர்,856,263,106,447,-157,-341,,khlk;ghf;fk; Fj;jD}u;,0.3072429906542056,0.12383177570093458,0.522196261682243,816,40,0.04672897196261682
