row_type,page,sl_no,booth_no,booth_suffix,is_auxiliary,booth_name,polled,inc,admk,tvk,diff_vs_inc,diff_vs_tvk,flags,booth_name_raw
booth,1,1,1,,False,பிச்சிவாக்கம்,795,221,180,344,-41,-164,,gpr;rpthf;fk;
booth,1,2,2,,False,பிச்சிவாக்கம்,715,248,110,319,-138,-209,,gpr;rpthf;fk;
booth,1,3,3,,False,பட்டுமுடையார் குப்பம்,691,121,323,218,202,105,,gl;LKilahu; Fg;gk;
booth,1,4,4,,False,சிவபுரம்,956,217,324,373,107,-49,,rptg[uk;
booth,1,5,5,,False,ஓ.எம்.மங்கலம்,933,322,276,300,-46,-24,,X/vk;/k';fyk;
booth,1,6,6,,False,கண்஡ிவாக்கம்,470,121,183,157,62,26,,fz;othf;fk;
booth,1,7,7,,False,கண்஡ிவாக்கம்,746,198,227,300,29,-73,,fz;othf;fk;
booth,1,8,8,,False,செல்லம் பட்஡ிடை,628,243,57,304,-186,-247,,bry;yk; gl;oil
booth,1,9,9,,False,செல்லம் பட்஡ிடை,491,126,89,259,-37,-170,,bry;yk; gl;oil
booth,2,10,10,,False,எடையார் பாக்கம்,905,193,267,410,74,-143,,vilahu; ghf;fk;
booth,2,11,11,,False,எடையார் பாக்கம்,903,232,212,410,-20,-198,,vilahu; ghf;fk;
booth,2,12,12,,False,குணகரம் பாக்கம்,626,94,307,202,213,105,,Fzfuk; ghf;fk;
booth,2,13,13,,False,குணகரம் பாக்கம்,742,143,251,319,108,-68,,Fzfuk; ghf;fk;
booth,2,14,14,,False,ஏகனாபுரம்,492,89,199,172,110,27,,Vfdhg[uk;
booth,2,15,15,,False,ஏகனாபுரம்,543,139,134,238,-5,-104,,Vfdhg[uk;
booth,2,16,16,,False,அக்கமாபுரம்,237,110,83,41,-27,42,,mf;fkhg[uk;
booth,2,17,17,,False,சிங்கிலிபா஡ி,530,140,220,160,80,60,,rp';fpypgho
booth,2,18,18,,False,கண்ணந்தாங்கல்,556,195,109,220,-86,-111,,fz;ze;jh';fy;
booth,2,19,19,,False,மதுரமங்கலம்,721,162,285,239,123,46,,kJuk';fyk;
booth,3,20,20,,False,மதுரமங்கலம்,692,158,352,154,194,198,,kJuk';fyk;
booth,3,21,21,,False,காந்தூர்,641,115,303,197,188,106,,fhe;J}u;
booth,3,22,22,,False,காந்தூர்,872,224,257,347,33,-90,,fhe;J}u;
booth,3,23,23,,False,மேல் மதுரமங்கலம்,528,177,126,201,-51,-75,,nky; kJuk';fyk;
booth,3,24,24,,False,மேல் மதுரமங்கலம்,542,188,136,191,-52,-55,,nky; kJuk';fyk;
booth,3,25,25,,False,இராமானுஜ புரம்,579,128,305,114,177,191,,",uhkhD$ g[uk;"
booth,3,26,26,,False,இராமானுஜ புரம்,493,142,174,157,32,17,,",uhkhD$ g[uk;"
booth,3,27,27,,False,கீரநல்லூர்,688,205,264,205,59,59,,fPuey;Y}u;
booth,3,28,28,,False,செல்வழி மங்கலம்,914,201,411,275,210,136,,bry;tHp k';fyk;
booth,3,29,29,,False,சேந்தமங்கலம்,794,152,244,365,92,-121,,nre;jk';fyk;
booth,4,30,30,,False,பாப்பாங்குழி,552,134,229,160,95,69,,ghg;gh';FHp
booth,4,31,31,,False,பொடவூர்,1127,331,342,415,11,-73,,bghlt{u;
booth,4,32,32,,False,மொளச்சூர்,241,53,52,128,-1,-76,,bkhsr;N:u;
booth,4,33,33,,False,மொளச்சூர்,618,244,89,253,-155,-164,,bkhsr;N:u;
booth,4,34,34,,False,மொளச்சூர்,742,222,129,349,-93,-220,,bkhsr;N:u;
booth,4,35,35,,False,மொளச்சூர்,569,164,123,249,-41,-126,,bkhsr;N:u;
booth,4,36,36,,False,மொளச்சூர்,851,205,154,427,-51,-273,,bkhsr;N:u;
booth,4,37,37,,False,மொளச்சூர்,852,279,134,376,-145,-242,,bkhsr;N:u;
booth,4,38,38,,False,மொளச்சூர்,614,203,94,287,-109,-193,,bkhsr;N:u;
booth,4,39,39,,False,மொளச்சூர்,466,146,125,176,-21,-51,,bkhsr;N:u;
booth,5,40,40,,False,சோகண்஡ி,675,218,148,273,-70,-125,,nrhfz;o
booth,5,41,41,,False,சோகண்஡ி,827,242,165,396,-77,-231,,nrhfz;o
booth,5,42,42,,False,சந்தவேலூர்,749,112,390,225,278,165,,re;jntY}u;
booth,5,43,43,,False,சந்தவேலூர்,710,146,292,240,146,52,,re;jntY}u;
booth,5,44,44,,False,சந்தவேலூர்,850,173,308,331,135,-23,,re;jntY}u;
booth,5,45,45,,False,சந்தவேலூர்,658,197,147,278,-50,-131,,re;jntY}u;
booth,5,46,46,,False,சந்தவேலூர்,566,215,106,224,-109,-118,,re;jntY}u;
booth,5,47,47,,False,குண்ணம்,781,194,231,326,37,-95,,Fz;zk;
booth,5,48,48,,False,குண்ணம்,870,178,348,314,170,34,,Fz;zk;
booth,5,49,49,,False,எச்சூர்,946,211,327,347,116,-20,,vr;N:u;
booth,6,50,50,,False,எச்சூர்,953,207,262,439,55,-177,,vr;N:u;
booth,6,51,51,,False,சிறுமாங்காடு,935,259,339,297,80,42,,rpWkh';fhL
booth,6,52,52,,False,திருமங்கலம்,801,132,198,438,66,-240,,jpUk';fyk;
booth,6,53,53,,False,திருமங்கலம்,837,219,172,392,-47,-220,,jpUk';fyk;
booth,6,54,54,,False,திருமங்கலம்,594,217,125,232,-92,-107,,jpUk';fyk;
booth,6,55,55,,False,திருமங்கலம்,656,174,152,307,-22,-155,,jpUk';fyk;
booth,6,56,56,,False,வடமங்கலம்,685,233,116,313,-117,-197,,tlk';fyk;
booth,6,57,57,,False,வடமங்கலம்,493,181,94,204,-87,-110,,tlk';fyk;
booth,6,58,58,,False,ஆரனேரி,535,124,135,247,11,-112,,Mundup
booth,6,59,59,,False,மாம்பாக்கம்,869,161,263,404,102,-141,,khk;ghf;fk;
booth,7,60,60,,False,மாம்பாக்கம்,643,156,146,307,-10,-161,,khk;ghf;fk;
booth,7,61,61,,False,போந்தூர்,925,220,282,396,62,-114,,nghe;J}u;
booth,7,62,62,,False,போந்தூர்,1018,236,356,366,120,-10,,nghe;J}u;
booth,7,63,63,,False,ஸ்ரீபெரும்புதூர்,646,178,110,332,-68,-222,,_bgUk;g[J}u;
booth,7,64,64,,False,ஸ்ரீபெரும்புதூர்,528,220,81,207,-139,-126,,_bgUk;g[J}u;
booth,7,65,65,,False,ஸ்ரீபெரும்புதூர்,462,160,88,189,-72,-101,,_bgUk;g[J}u;
booth,7,66,66,,False,ஸ்ரீபெரும்புதூர்,744,235,214,273,-21,-59,,_bgUk;g[J}u;
booth,7,67,67,,False,ஸ்ரீபெரும்புதூர்,664,171,163,307,-8,-144,,_bgUk;g[J}u;
booth,7,68,68,,False,ஸ்ரீபெரும்புதூர்,433,95,117,205,22,-88,,_bgUk;g[J}u;
booth,7,69,69,,False,ஸ்ரீபெரும்புதூர்,577,139,115,289,-24,-174,,_bgUk;g[J}u;
booth,8,70,70,,False,ஸ்ரீபெரும்புதூர்,471,126,122,198,-4,-76,,_bgUk;g[J}u;
booth,8,71,71,,False,ஸ்ரீபெரும்புதூர் (நகராட்சி),422,85,97,224,12,-127,,_bgUk;g[J}u; (efuhl;rp)
booth,8,72,72,,False,ஸ்ரீபெரும்புதூர் (நகராட்சி),729,194,198,305,4,-107,,_bgUk;g[J}u; (efuhl;rp)
booth,8,73,73,,False,ஸ்ரீபெரும்புதூர் (நகராட்சி),484,131,130,202,-1,-72,,_bgUk;g[J}u; (efuhl;rp)
booth,8,74,74,,False,ஸ்ரீபெரும்புதூர் (நகராட்சி),608,138,187,259,49,-72,,_bgUk;g[J}u; (efuhl;rp)
booth,8,75,75,,False,ஸ்ரீபெரும்புதூர்,476,148,76,226,-72,-150,,_bgUk;g[J}u;
booth,8,76,76,,False,ஸ்ரீபெரும்புதூர்,677,190,158,292,-32,-134,,_bgUk;g[J}u;
booth,8,77,77,,False,சிவன்தாங்கல்,962,223,251,422,28,-171,,rptd;jh';fy;
booth,8,78,78,,False,ஸ்ரீபெரும்புதூர்,907,235,172,451,-63,-279,,_bgUk;g[J}u;
booth,8,79,79,,False,ஸ்ரீபெரும்புதூர்,843,219,154,413,-65,-259,,_bgUk;g[J}u;
booth,9,80,80,,False,ஸ்ரீபெரும்புதூர்,773,234,151,350,-83,-199,,_bgUk;g[J}u;
booth,9,81,81,,False,ஸ்ரீபெரும்புதூர்,647,183,128,310,-55,-182,,_bgUk;g[J}u;
booth,9,82,82,,False,ஸ்ரீபெரும்புதூர்,664,180,121,325,-59,-204,,_bgUk;g[J}u;
booth,9,83,83,,False,ஸ்ரீபெரும்புதூர்,794,195,166,372,-29,-206,,_bgUk;g[J}u;
booth,9,84,84,,False,ஸ்ரீபெரும்புதூர்,876,227,178,432,-49,-254,,_bgUk;g[J}u;
booth,9,85,85,,False,ஸ்ரீபெரும்புதூர் (நகராட்சி),764,236,209,291,-27,-82,,_bgUk;g[J}u; (efuhl;rp)
booth,9,86,86,,False,ஸ்ரீபெரும்புதூர் (நகராட்சி),714,198,191,294,-7,-103,,_bgUk;g[J}u; (efuhl;rp)
booth,9,87,87,,False,ஸ்ரீபெரும்புதூர் (நகராட்சி),367,107,88,154,-19,-66,,_bgUk;g[J}u; (efuhl;rp)
booth,9,88,88,,False,கிளாய்,1074,338,224,475,-114,-251,,fpsha;
booth,9,89,89,,False,ஆயகொளத்தூர்,819,231,139,408,-92,-269,,Mabfhsj;J}u;
booth,10,90,90,,False,செங்காடு,1020,252,265,445,13,-180,,br';fhL
booth,10,91,91,,False,செங்காடு,673,228,113,311,-115,-198,,br';fhL
booth,10,92,92,,False,மண்ணூர்,770,218,210,325,-8,-115,,kz;q}u;
booth,10,93,93,,False,மண்ணூர்,653,171,165,298,-6,-133,,kz;q}u;
booth,10,94,94,,False,நெமிலி,621,206,99,283,-107,-184,,bekpyp
booth,10,95,95,,False,நெமிலி,803,181,132,446,-49,-314,,bekpyp
booth,10,96,96,,False,வளர்புரம்,580,162,110,276,-52,-166,,tsu;g[uk;
booth,10,97,97,,False,வளர்புரம்,463,176,63,201,-113,-138,,tsu;g[uk;
booth,10,98,98,,False,வளர்புரம்,860,300,214,310,-86,-96,,tsu;g[uk;
booth,10,99,99,,False,மேவளுர்குப்பம்,903,305,197,378,-108,-181,,nktSu;Fg;gk;
booth,10,100,100,,False,மேவளுர்குப்பம்,939,283,253,370,-30,-117,,nktSu;Fg;gk;
booth,11,101,101,,False,மேவளுர்குப்பம்,770,231,218,280,-13,-62,,nktSu;Fg;gk;
booth,11,102,102,,False,தண்டலம்,873,305,149,381,-156,-232,,jz;lyk;
booth,11,103,103,,False,தண்டலம்,908,235,138,492,-97,-354,,jz;lyk;
booth,11,104,104,,False,கீவளுர்,898,177,260,426,83,-166,,fPtSu;
booth,11,105,105,,False,காட்ரம்பாக்கம்,801,203,196,378,-7,-182,,fhl;uk;ghf;fk;
booth,11,106,106,,False,காட்ரம்பாக்கம்,851,208,178,428,-30,-250,,fhl;uk;ghf;fk;
booth,11,107,107,,False,காட்ரம்பாக்கம்,746,195,215,304,20,-89,,fhl;uk;ghf;fk;
booth,11,108,108,,False,காட்ரம்பாக்கம்,627,158,127,304,-31,-177,,fhl;uk;ghf;fk;
booth,11,109,109,,False,இருங்காட்டுக் கோட்டை,914,159,278,433,119,-155,,",U';fhl;Lf; nfhl;il"
booth,11,110,110,,False,இருங்காட்டுக் கோட்டை,849,221,215,386,-6,-171,,",U';fhl;Lf; nfhl;il"
booth,12,111,111,,False,பென்னலூர்,742,171,216,329,45,-113,,bgd;dY}u;
booth,12,112,112,,False,பென்னலூர்,772,195,148,397,-47,-249,,bgd;dY}u;
booth,12,113,113,,False,அமரம்பேடு,937,356,270,283,-86,-13,,mkuk;ngL
booth,12,114,114,,False,நந்தம்பாக்கம்,616,178,97,303,-81,-206,,ee;jk;ghf;fk;
booth,12,115,115,,False,நந்தம்பாக்கம்,762,192,138,381,-54,-243,,ee;jk;ghf;fk;
booth,12,116,116,,False,நந்தம்பாக்கம்,625,190,67,332,-123,-265,,ee;jk;ghf;fk;
booth,12,117,117,,False,நந்தம்பாக்கம் பெரியார் நகர்,751,229,141,344,-88,-203,,ee;jk;ghf;fk; bgupahu; efu;
booth,12,118,118,,False,நந்தம்பாக்கம் பெரியார் நகர்,619,136,111,340,-25,-229,,ee;jk;ghf;fk; bgupahu; efu;
booth,12,119,119,,False,நந்தம்பாக்கம்,800,265,120,382,-145,-262,,ee;jk;ghf;fk;
booth,12,120,120,,False,நந்தம்பாக்கம் நாயுடு தெரு,952,265,243,413,-22,-170,,ee;jk;ghf;fk; eha[L bjU
booth,13,121,121,,False,நந்தம்பாக்கம் நாயுடு தெரு,617,165,108,301,-57,-193,,ee;jk;ghf;fk; eha[L bjU
booth,13,122,122,,False,நந்தம்பாக்கம்,833,222,133,432,-89,-299,,ee;jk;ghf;fk;
booth,13,123,123,,False,நந்தம்பாக்கம் பெரியார் நகர்,283,128,30,115,-98,-85,,ee;jk;ghf;fk; bgupahu; efu;
booth,13,124,124,,False,நந்தம்பாக்கம் பெரியார் நகர்,833,296,124,365,-172,-241,,ee;jk;ghf;fk; bgupahu; efu;
booth,13,125,125,,False,நந்தம்பாக்கம்,608,171,112,282,-59,-170,,ee;jk;ghf;fk;
booth,13,126,126,,False,நந்தம்பாக்கம்,760,169,95,428,-74,-333,,ee;jk;ghf;fk;
booth,13,127,127,,False,நந்தம்பாக்கம் (நாயுடு தெரு),437,117,67,216,-50,-149,,ee;jk;ghf;fk; (eha[L bjU)
booth,13,128,127,A,True,நந்தம்பாக்கம் (நாயுடு தெரு),470,103,83,261,-20,-178,,ee;jk;ghf;fk; (eha[L bjU)
booth,13,129,128,,False,நந்தம்பாக்கம் (நாயுடு தெரு),822,249,150,383,-99,-233,,ee;jk;ghf;fk; (eha[L bjU)
booth,14,130,129,,False,நந்தம்பாக்கம் (நாயுடு தெரு),799,187,169,402,-18,-233,,ee;jk;ghf;fk; (eha[L bjU)
booth,14,131,130,,False,நந்தம்பாக்கம் காலனி,806,231,135,403,-96,-268,,ee;jk;ghf;fk; fhydp
booth,14,132,131,,False,நந்தம்பாக்கம் காலனி,859,198,166,452,-32,-286,,ee;jk;ghf;fk; fhydp
booth,14,133,132,,False,சிறுகளத்தூர்,779,156,199,380,43,-181,,rpWfsj;J}u;
booth,14,134,133,,False,சிறுகளத்தூர்,752,197,190,324,-7,-134,,rpWfsj;J}u;
booth,14,135,134,,False,சிறுகளத்தூர் கெல஡ிபேட்டை,932,244,273,378,29,-105,,rpWfsj;J}u; bfyongl;il
booth,14,136,135,,False,சிறுகளத்தூர் கெல஡ிப் பேட்டை,941,217,279,398,62,-119,,rpWfsj;J}u; bfyog; ngl;il
booth,14,137,136,,False,சிறுகளத்தூர் கெல஡ிப் பேட்டை,1075,249,312,468,63,-156,,rpWfsj;J}u; bfyog; ngl;il
booth,14,138,137,,False,மலையம் பாக்கம்,892,195,195,460,0,-265,,kiyak; ghf;fk;
booth,14,139,138,,False,மலையம் பாக்கம்,894,258,135,448,-123,-313,,kiyak; ghf;fk;
booth,15,140,139,,False,மலையம் பாக்கம்,894,235,157,457,-78,-300,,kiyak; ghf;fk;
booth,15,141,140,,False,மலையம் பாக்கம்,886,206,244,373,38,-129,,kiyak; ghf;fk;
booth,15,142,141,,False,மலையம் பாக்கம்,798,180,121,443,-59,-322,,kiyak; ghf;fk;
booth,15,143,142,,False,மலையம் பாக்கம்,1074,171,233,616,62,-383,,kiyak; ghf;fk;
booth,15,144,143,,False,மலையம்பாக்கம்,755,223,220,281,-3,-61,,kiyak;ghf;fk;
booth,15,145,144,,False,மலையம் பாக்கம்,812,244,245,300,1,-55,,kiyak; ghf;fk;
booth,15,146,145,,False,மலையம் பாக்கம்,750,181,190,353,9,-163,,kiyak; ghf;fk;
booth,15,147,146,,False,மலையம் பாக்கம்,843,204,302,306,98,-4,,kiyak; ghf;fk;
booth,15,148,147,,False,கொல்லச்சேரி,864,241,191,395,-50,-204,,bfhy;yr;nrup
booth,15,149,148,,False,கொல்லச்சேரி,739,197,203,296,6,-93,,bfhy;yr;nrup
booth,15,150,149,,False,கொல்லச்சேரி,697,195,231,244,36,-13,,bfhy;yr;nrup
booth,15,151,150,,False,கொல்லச்சேரி,546,126,120,274,-6,-154,,bfhy;yr;nrup
booth,15,152,151,,False,கொல்லச்சேரி,520,114,111,257,-3,-146,,bfhy;yr;nrup
booth,16,153,152,,False,கொபுமணி வாக்கம்,1070,286,198,542,-88,-344,,bfhGkzp thf;fk;
booth,16,154,153,,False,கொபுமணி வாக்கம்,1072,257,247,480,-10,-233,,bfhGkzp thf;fk;
booth,16,155,154,,False,கொபுமணி வாக்கம்,1034,314,245,419,-69,-174,,bfhGkzp thf;fk;
booth,16,156,155,,False,மாங்காடு (நகராட்சி),582,298,36,225,-262,-189,,kh';fhL (efuhl;rp)
booth,16,157,156,,False,மாங்காடு (நகராட்சி),682,257,90,297,-167,-207,,kh';fhL (efuhl;rp)
booth,16,158,157,,False,மாங்காடு நகராட்சி,882,476,32,344,-444,-312,,kh';fhL efuhl;rp
booth,16,159,158,,False,மாங்காடு,807,199,261,304,62,-43,,kh';fhL
booth,16,160,159,,False,மாங்காடு,754,237,126,354,-111,-228,,kh';fhL
booth,16,161,160,,False,மாங்காடு,932,249,174,418,-75,-244,,kh';fhL
booth,16,162,161,,False,மாங்காடு,527,165,95,242,-70,-147,,kh';fhL
booth,17,163,162,,False,மாங்காடு,511,188,88,207,-100,-119,,kh';fhL
booth,17,164,163,,False,மாங்காடு,848,356,98,350,-258,-252,,kh';fhL
booth,17,165,164,,False,மாங்காடு,849,265,110,433,-155,-323,,kh';fhL
booth,17,166,165,,False,மாங்காடு,669,169,110,361,-59,-251,,kh';fhL
booth,17,167,166,,False,மாங்காடு,661,208,114,309,-94,-195,,kh';fhL
booth,17,168,167,,False,மாங்காடு,761,245,106,365,-139,-259,,kh';fhL
booth,17,169,168,,False,மாங்காடு,574,170,80,290,-90,-210,,kh';fhL
booth,17,170,169,,False,மாங்காடு (நகராட்சி),939,245,144,491,-101,-347,,kh';fhL (efuhl;rp)
booth,17,171,170,,False,மாங்காடு (நகராட்சி),535,158,92,257,-66,-165,,kh';fhL (efuhl;rp)
booth,17,172,170,A,True,மாங்காடு நகராட்சி,539,159,67,283,-92,-216,,kh';fhL efuhl;rp
booth,17,173,171,,False,மாங்காடு,644,161,149,307,-12,-158,,kh';fhL
booth,17,174,172,,False,மாங்காடு,825,225,223,339,-2,-116,,kh';fhL
booth,18,175,173,,False,மாங்காடு,825,242,171,374,-71,-203,,kh';fhL
booth,18,176,174,,False,மாங்காடு,858,196,255,350,59,-95,,kh';fhL
booth,18,177,175,,False,மாங்காடு,618,94,154,346,60,-192,,kh';fhL
booth,18,178,176,,False,மாங்காடு,600,174,141,254,-33,-113,,kh';fhL
booth,18,179,177,,False,மாங்காடு,949,279,162,437,-117,-275,,kh';fhL
booth,18,180,178,,False,மாங்காடு,792,213,179,353,-34,-174,,kh';fhL
booth,18,181,179,,False,மாங்காடு,572,164,102,277,-62,-175,,kh';fhL
booth,18,182,180,,False,மாங்காடு,479,105,81,266,-24,-185,,kh';fhL
booth,18,183,181,,False,மாங்காடு (நகராட்சி),752,191,174,357,-17,-183,,kh';fhL (efuhl;rp)
booth,18,184,182,,False,மாங்காடு (நகராட்சி),735,215,117,364,-98,-247,,kh';fhL (efuhl;rp)
booth,18,185,183,,False,மாங்காடு (நகராட்சி),855,226,149,424,-77,-275,,kh';fhL (efuhl;rp)
booth,19,186,184,,False,மாங்காடு நகராட்சி,886,268,114,442,-154,-328,,kh';fhL efuhl;rp
booth,19,187,185,,False,மாங்காடு,878,219,189,430,-30,-241,,kh';fhL
booth,19,188,186,,False,மாங்காடு,941,291,170,449,-121,-279,,kh';fhL
booth,19,189,187,,False,மாங்காடு,744,209,145,357,-64,-212,,kh';fhL
booth,19,190,188,,False,மாங்காடு,937,304,158,426,-146,-268,,kh';fhL
booth,19,191,189,,False,மாங்காடு,879,353,224,271,-129,-47,,kh';fhL
booth,19,192,190,,False,மாங்காடு,752,243,159,306,-84,-147,,kh';fhL
booth,19,193,191,,False,பட்டு மாங்காடு,659,211,183,244,-28,-61,,gl;L kh';fhL
booth,19,194,192,,False,பட்டு மாங்காடு,801,510,46,218,-464,-172,,gl;L kh';fhL
booth,19,195,193,,False,பட்டு மாங்காடு,666,437,44,169,-393,-125,,gl;L kh';fhL
booth,19,196,194,,False,பட்டு மாங்காடு,858,597,47,182,-550,-135,,gl;L kh';fhL
booth,19,197,195,,False,பட்டு மாங்காடு,859,191,240,378,49,-138,,gl;L kh';fhL
booth,19,198,196,,False,பட்டுமாங்காடு,839,261,185,353,-76,-168,,gl;Lkh';fhL
booth,19,199,197,,False,பட்டு மாங்காடு,783,509,36,211,-473,-175,,gl;L kh';fhL
booth,20,200,198,,False,பட்டு மாங்காடு,969,621,25,294,-596,-269,,gl;L kh';fhL
booth,20,201,199,,False,பட்டு மாங்காடு,693,183,244,235,61,9,,gl;L kh';fhL
booth,20,202,200,,False,பட்டு மாங்காடு,760,484,45,203,-439,-158,,gl;L kh';fhL
booth,20,203,201,,False,சிக்கராயபுரம்,810,207,178,380,-29,-202,,rpf;fuhag[uk;
booth,20,204,202,,False,சிக்கராயபுரம்,779,167,191,376,24,-185,,rpf;fuhag[uk;
booth,20,205,203,,False,சிக்கராயபுரம்,804,160,134,465,-26,-331,,rpf;fuhag[uk;
booth,20,206,204,,False,சிக்கராயபுரம்,885,173,130,540,-43,-410,,rpf;fuhag[uk;
booth,20,207,205,,False,சிக்கராயபுரம்,757,184,141,399,-43,-258,,rpf;fuhag[uk;
booth,20,208,206,,False,சிக்கராயபுரம்,951,220,181,486,-39,-305,,rpf;fuhag[uk;
booth,20,209,207,,False,சிக்கராயபுரம்,906,151,240,465,89,-225,,rpf;fuhag[uk;
booth,20,210,208,,False,சிக்கராயபுரம்,814,168,164,430,-4,-266,,rpf;fuhag[uk;
booth,20,211,209,,False,சிக்கராயபுரம்,780,120,275,345,155,-70,,rpf;fuhag[uk;
booth,20,212,210,,False,சிக்கராயபுரம்,743,188,170,347,-18,-177,,rpf;fuhag[uk;
booth,20,213,211,,False,சிக்கராயபுரம்,928,167,186,514,19,-328,,rpf;fuhag[uk;
booth,20,214,212,,False,குன்றத்தூர் கரைமா,877,204,224,395,20,-171,,Fd;wj;J}u; fiukh
booth,21,215,213,,False,குன்றத்தூர் கரைமா நகர்,736,217,147,308,-70,-161,,Fd;wj;J}u; fiukh efu;
booth,21,216,214,,False,குன்றத்தூர் கரைமா நகர்,505,145,78,247,-67,-169,,Fd;wj;J}u; fiukh efu;
booth,21,217,214,A,True,குன்றத்தூர் கரைமா நகர்,574,141,83,310,-58,-227,,Fd;wj;J}u; fiukh efu;
booth,21,218,215,,False,குன்றத்தூர் கரைமா நகர்,727,183,96,394,-87,-298,,Fd;wj;J}u; fiukh efu;
booth,21,219,215,A,True,குன்றத்தூர் கரைமா நகர்,440,111,58,225,-53,-167,,Fd;wj;J}u; fiukh efu;
booth,21,220,216,,False,குன்றத்தூர் கரைமாநகர்,591,152,93,316,-59,-223,,Fd;wj;J}u; fiukhefu;
booth,21,221,217,,False,குன்றத்தூர் கரைமா நகர்,792,164,123,452,-41,-329,,Fd;wj;J}u; fiukh efu;
booth,21,222,218,,False,குன்றத்தூர் கரைமா நகர்,504,148,84,236,-64,-152,,Fd;wj;J}u; fiukh efu;
booth,21,223,218,A,True,குன்றத்தூர் கரைமா நகர்,523,122,78,279,-44,-201,,Fd;wj;J}u; fiukh efu;
booth,22,224,219,,False,குன்றத்தூர் கரைமா நகர்,808,196,131,411,-65,-280,,Fd;wj;J}u; fiukh efu;
booth,22,225,220,,False,குன்றத்தூர் (கரைமா நகர்),592,156,148,263,-8,-115,,Fd;wj;J}u; (fiukh efu;)
booth,22,226,220,A,True,குன்றத்தூர் (கரைமா நகர்),500,114,79,284,-35,-205,,Fd;wj;J}u; (fiukh efu;)
booth,22,227,221,,False,குன்றத்தூர் (திருநாகேஸ் வரம்),625,138,102,331,-36,-229,,Fd;wj;J}u; (jpUehnf!; tuk;)
booth,22,228,222,,False,குன்றத்தூர் மாணிக்கம் நகர்,638,163,104,323,-59,-219,,Fd;wj;J}u; khzpf;fk; efu;
booth,22,229,223,,False,குன்றத்தூர் மாணிக்கம் நகர்,509,132,137,193,5,-56,,Fd;wj;J}u; khzpf;fk; efu;
booth,22,230,223,A,True,குன்றத்தூர் மாணிக்கம் நகர்,547,123,148,236,25,-88,,Fd;wj;J}u; khzpf;fk; efu;
booth,22,231,224,,False,குன்றத்தூர் வெங்கடாபுரம்,747,198,173,334,-25,-161,,Fd;wj;J}u; bt';flhg[uk;
booth,23,232,225,,False,குன்றத்தூர் வெங்கடாபுரம்,708,171,121,358,-50,-237,,Fd;wj;J}u; bt';flhg[uk;
booth,23,233,226,,False,குன்றத்தூர் மணஷ்சேரி,744,164,198,341,34,-143,,"Fd;wj;J}u; kz"";nrup"
booth,23,234,227,,False,குன்றத்தூர் மேலண்டை தெரு,831,211,116,450,-95,-334,,Fd;wj;J}u; nkyz;il bjU
booth,23,235,228,,False,குன்றத்தூர் மேலாண்டை தெரு,102,37,17,43,-20,-26,,Fd;wj;J}u; nkyhz;il bjU
booth,23,236,229,,False,குன்றத்தூர் மேலண்டை தெரு,863,223,176,427,-47,-251,,Fd;wj;J}u; nkyz;il bjU
booth,23,237,230,,False,குன்றத்தூர் மாணிக்கம் நகர்,927,201,326,362,125,-36,,Fd;wj;J}u; khzpf;fk; efu;
booth,23,238,231,,False,குன்றத்தூர் மாணிக்கம் நகர்,871,204,188,435,-16,-247,,Fd;wj;J}u; khzpf;fk; efu;
booth,23,239,232,,False,குன்றத்தூர் (மாணிக்கம் நகர்),771,166,138,413,-28,-275,,Fd;wj;J}u; (khzpf;fk; efu;)
booth,23,240,233,,False,Mixed குன்றத்தூர் ( ),773,269,184,270,-85,-86,,Mixed Fd;wj;J}u; ( )
booth,24,241,234,,False,Mixed குன்றத்தூர் ( ),831,199,175,401,-24,-226,,Mixed Fd;wj;J}u; ( )
booth,24,242,235,,False,Mixed குன்றத்தூர் ( ),690,230,154,270,-76,-116,,Mixed Fd;wj;J}u; ( )
booth,24,243,236,,False,Mixed குன்றத்தூர் ( ),825,251,155,375,-96,-220,,Mixed Fd;wj;J}u; ( )
booth,24,244,237,,False,Mixed குன்றத்தூர் ( ),769,226,108,385,-118,-277,,Mixed Fd;wj;J}u; ( )
booth,24,245,238,,False,குன்றத்தூர்,857,249,151,412,-98,-261,,Fd;wj;J}u;
booth,24,246,239,,False,Mixed குன்றத்தூர் ( ),747,206,111,386,-95,-275,,Mixed Fd;wj;J}u; ( )
booth,24,247,240,,False,குன்றத்தூர்,851,229,161,401,-68,-240,,Fd;wj;J}u;
booth,24,248,241,,False,குன்றத்தூர் மாணிக்கம் நகர்,607,119,137,311,18,-174,,Fd;wj;J}u; khzpf;fk; efu;
booth,24,249,242,,False,குன்றத்தூர் மாணிக்கம் நகர்,581,124,114,304,-10,-190,,Fd;wj;J}u; khzpf;fk; efu;
booth,24,250,243,,False,குன்றத்தூர்,740,283,104,313,-179,-209,,Fd;wj;J}u;
booth,25,251,244,,False,குன்றத்தூர்,746,193,161,368,-32,-207,,Fd;wj;J}u;
booth,25,252,245,,False,குன்றத்தூர்,884,276,170,386,-106,-216,,Fd;wj;J}u;
booth,25,253,246,,False,குன்றத்தூர் நகராட்சி,735,248,116,330,-132,-214,,Fd;wj;J}u; efuhl;rp
booth,25,254,247,,False,குன்றத்தூர் நகராட்சி,921,212,206,459,-6,-253,,Fd;wj;J}u; efuhl;rp
booth,25,255,248,,False,குன்றத்தூர் நகராட்சி,737,191,130,385,-61,-255,,Fd;wj;J}u; efuhl;rp
booth,25,256,249,,False,குன்றத்தூர் நத்தம்,856,249,267,313,18,-46,,Fd;wj;J}u; ej;jk;
booth,25,257,250,,False,குன்றத்தூர் நத்தம்,876,255,256,334,1,-78,,Fd;wj;J}u; ej;jk;
booth,25,258,251,,False,குன்றத்தூர் நத்தம்,756,209,204,294,-5,-90,,Fd;wj;J}u; ej;jk;
booth,25,259,252,,False,குன்றத்தூர்,711,168,119,381,-49,-262,,Fd;wj;J}u;
booth,25,260,253,,False,குன்றத்தூர்,885,150,191,492,41,-301,,Fd;wj;J}u;
booth,25,261,254,,False,குன்றத்தூர்,473,138,77,237,-61,-160,,Fd;wj;J}u;
booth,25,262,255,,False,குன்றத்தூர்,829,189,158,437,-31,-279,,Fd;wj;J}u;
booth,26,263,256,,False,குன்றத்தூர்,833,199,141,463,-58,-322,,Fd;wj;J}u;
booth,26,264,257,,False,குன்றத்தூர்,751,206,152,349,-54,-197,,Fd;wj;J}u;
booth,26,265,258,,False,குன்றத்தூர்,770,269,110,345,-159,-235,,Fd;wj;J}u;
booth,26,266,259,,False,குன்றத்தூர்,763,246,108,365,-138,-257,,Fd;wj;J}u;
booth,26,267,260,,False,குன்றத்தூர்,781,208,127,409,-81,-282,,Fd;wj;J}u;
booth,26,268,261,,False,குன்றத்தூர் நகராட்சி,831,192,130,447,-62,-317,,Fd;wj;J}u; efuhl;rp
booth,26,269,262,,False,குன்றத்தூர் நகராட்சி,861,263,156,398,-107,-242,,Fd;wj;J}u; efuhl;rp
booth,26,270,263,,False,குன்றத்தூர் நகராட்சி,622,164,105,317,-59,-212,,Fd;wj;J}u; efuhl;rp
booth,26,271,264,,False,திருமு஡ிவாக்கம்,989,309,164,465,-145,-301,,jpUKothf;fk;
booth,26,272,265,,False,திருமு஡ிவாக்கம்,853,303,151,350,-152,-199,,jpUKothf;fk;
booth,26,273,266,,False,திருமு஡ிவாக்கம்,937,339,207,341,-132,-134,,jpUKothf;fk;
booth,26,274,267,,False,திருமு஡ிவாக்கம்,547,158,96,257,-62,-161,,jpUKothf;fk;
booth,26,275,267,A,True,திருமு஡ிவாக்கம்,465,110,106,211,-4,-105,,jpUKothf;fk;
booth,27,276,268,,False,பழந்தண்டலம்,913,189,253,412,64,-159,,gHe;jz;lyk;
booth,27,277,269,,False,பழந்தண்டலம்,806,163,242,362,79,-120,,gHe;jz;lyk;
booth,27,278,270,,False,பழந்தண்டலம்,841,247,180,366,-67,-186,,gHe;jz;lyk;
booth,27,280,272,,False,பழந்தண்டலம் எருமையூர்,726,169,205,316,36,-111,,gHe;jz;lyk; vUika{u; - - -
booth,27,281,273,,False,எருமையூர்,932,323,207,358,-116,-151,,vUika{u;
booth,27,282,274,,False,நல்லூர்,851,185,182,457,-3,-275,,ey;Y}u;
booth,27,283,275,,False,நல்லூர்,870,185,162,477,-23,-315,,ey;Y}u;
booth,27,284,276,,False,நல்லூர்,1055,308,236,465,-72,-229,,ey;Y}u;
booth,27,285,277,,False,நல்லூர்,719,160,125,400,-35,-275,,ey;Y}u;
booth,27,286,278,,False,நல்லூர்,759,145,136,451,-9,-315,,ey;Y}u;
booth,27,287,279,,False,பூந்தண்டலம்,812,235,115,416,-120,-301,,g{e;jz;lyk;
booth,27,288,280,,False,பூந்தண்டலம்,803,198,130,431,-68,-301,,g{e;jz;lyk;
booth,27,289,281,,False,பூந்தண்டலம்,673,190,105,348,-85,-243,,g{e;jz;lyk;
booth,28,290,282,,False,பூந்தண்டலம்,929,328,200,359,-128,-159,,g{e;jz;lyk;
booth,28,291,283,,False,சோமங்கலம்,527,114,126,276,12,-150,,nrhk';fyk;
booth,28,292,284,,False,சோமங்கலம்,813,168,222,377,54,-155,,nrhk';fyk;
booth,28,293,285,,False,சோமங்கலம்,967,204,244,469,40,-225,,nrhk';fyk;
booth,28,294,286,,False,சோமங்கலம்,577,109,198,250,89,-52,,nrhk';fyk;
booth,28,295,287,,False,சோமங்கலம்,912,250,247,377,-3,-130,,nrhk';fyk;
booth,28,296,288,,False,நடுவீரப்பட்டு,592,252,57,260,-195,-203,,eLtPug;gl;L
booth,28,297,289,,False,நடுவீரப்பட்டு,501,187,111,185,-76,-74,,eLtPug;gl;L
booth,28,298,290,,False,நடுவீரப்பட்டு,1022,389,203,405,-186,-202,,eLtPug;gl;L
booth,28,299,291,,False,நடுவீரப்பட்டு,902,385,93,382,-292,-289,,eLtPug;gl;L
booth,28,300,292,,False,நடுவீரப் பட்டு,750,210,273,250,63,23,,eLtPug; gl;L
booth,28,301,293,,False,நடுவீரப்பட்டு,629,256,81,251,-175,-170,,eLtPug;gl;L
booth,28,302,294,,False,நடுவீரப்பட்டு,824,319,134,339,-185,-205,,eLtPug;gl;L
booth,28,303,295,,False,நடுவீரப்பட்டு,845,319,118,362,-201,-244,,eLtPug;gl;L
booth,29,304,296,,False,நடுவீரப்பட்டு,703,222,103,345,-119,-242,,eLtPug;gl;L
booth,29,305,297,,False,வரதராஜபுரம்,789,299,134,313,-165,-179,,tujuh$g[uk;
booth,29,306,298,,False,வரதராஜபுரம்,570,175,122,244,-53,-122,,tujuh$g[uk;
booth,29,307,299,,False,வரதராஜபுரம் அஷ்டலட்சுமி நகர்,464,142,98,196,-44,-98,,tujuh$g[uk; m&;lyl;Rkp efu;
booth,29,308,300,,False,வரதராஜபுரம் அஷ்டலட்சுமி நகர்,499,158,78,214,-80,-136,,tujuh$g[uk; m&;lyl;Rkp efu;
booth,29,309,301,,False,வரதராஜபுரம் அஷ்டலட்சுமி நகர்,543,174,82,253,-92,-171,,tujuh$g[uk; m&;lyl;Rkp efu;
booth,29,310,302,,False,வரதராஜபுரம்,982,306,263,354,-43,-91,,tujuh$g[uk;
booth,29,311,303,,False,வரதராஜபுரம்,456,163,124,156,-39,-32,,tujuh$g[uk;
booth,29,312,304,,False,வரதராஜபுரம் அஷ்டலட்சுமி நகர்,641,170,130,289,-40,-159,,tujuh$g[uk; m&;lyl;Rkp efu;
booth,29,313,305,,False,வரதராஜபுரம்,521,136,101,249,-35,-148,,tujuh$g[uk;
booth,30,314,306,,False,வரதராஜபுரம் பி஡ிசி கோட்ரஸ்,614,196,97,274,-99,-177,,tujuh$g[uk; gporp nfhl;u!;
booth,30,315,307,,False,வரதராஜபுரம் பி஡ிசி கோட்ரஸ்,802,258,142,340,-116,-198,,tujuh$g[uk; gporp nfhl;u!;
booth,30,316,308,,False,வரதராஜபுரம் அஷ்டலட்சுமி நகர்,777,192,169,365,-23,-196,,tujuh$g[uk; m&;lyl;Rkp efu;
booth,30,317,309,,False,வரதராஜபுரம் அஷ்டலட்சுமி நகர்,664,157,161,313,4,-152,,tujuh$g[uk; m&;lyl;Rkp efu;
booth,30,318,310,,False,கரசங்கால்,806,189,121,433,-68,-312,,fur';fhy;
booth,30,319,311,,False,கரசங்கால்,693,192,154,303,-38,-149,,fur';fhy;
booth,30,320,312,,False,கரசங்கால்,656,166,103,357,-63,-254,,fur';fhy;
booth,30,321,313,,False,கரசங்கால்,711,216,112,348,-104,-236,,fur';fhy;
booth,30,322,314,,False,கரசங்கால்,906,219,200,448,-19,-248,,fur';fhy;
booth,30,323,315,,False,மணிமங்கலம்,909,330,145,389,-185,-244,,kzpk';fyk;
booth,31,324,316,,False,மணிமங்கலம்,862,276,141,405,-135,-264,,kzpk';fyk;
booth,31,325,317,,False,மணிமங்கலம்,748,167,168,367,1,-199,,kzpk';fyk;
booth,31,326,318,,False,மணிமங்கலம்,824,195,160,423,-35,-263,,kzpk';fyk;
booth,31,327,319,,False,மணிமங்கலம்,996,267,151,520,-116,-369,,kzpk';fyk;
booth,31,328,320,,False,மணிமங்கலம்,878,234,133,459,-101,-326,,kzpk';fyk;
booth,31,329,321,,False,மணிமங்கலம் ஆதிதிராவிடர்,830,390,89,308,-301,-219,,kzpk';fyk; Mjpjpuhtplu;
booth,31,330,322,,False,காலனி மணிமங்கலம்,974,354,173,387,-181,-214,,fhydp kzpk';fyk;
booth,31,331,323,,False,மலைப்பட்டு,894,175,280,412,105,-132,,kiyg;gl;L
booth,31,332,324,,False,சேத்துப்பட்டு,868,171,313,348,142,-35,,nrj;Jg;gl;L
booth,31,333,325,,False,நாவலூர்,658,196,131,305,-65,-174,,ehtY}u;
booth,31,334,326,,False,நாவலூர்,464,102,104,232,2,-128,,ehtY}u;
booth,31,335,327,,False,கொளத்தூர்,839,268,198,339,-70,-141,,bfhsj;J}u;
booth,32,336,328,,False,வெங்காடு,817,199,223,360,24,-137,,bt';fhL
booth,32,337,329,,False,இரும்பேடு,558,94,215,225,121,-10,,",Uk;ngL"
booth,32,338,330,,False,பிள்ளைப் பாக்கம்,575,186,162,211,-24,-49,,gps;isg; ghf;fk;
booth,32,339,331,,False,பிள்ளைப் பாக்கம்,798,231,202,343,-29,-141,,gps;isg; ghf;fk;
booth,32,340,332,,False,கடுவஷ்சேரி,605,179,206,202,27,4,,"fLt"";nrup"
booth,32,341,333,,False,மாகாண்யம்,628,231,121,261,-110,-140,,khfhz;ak;
booth,32,342,334,,False,மாகாண்யம்,509,110,132,247,22,-115,,khfhz;ak;
booth,32,343,335,,False,மாகாண்யம்,775,241,162,338,-79,-176,,khfhz;ak;
booth,32,344,336,,False,குண்டுபெரும் பேடு,540,164,83,265,-81,-182,,Fz;LbgUk; ngL
booth,32,345,337,,False,குண்டு பெரும்பேடு,533,215,84,205,-131,-121,,Fz;L bgUk;ngL
booth,32,346,338,,False,வளத்தாஷ்சேரி,611,167,121,290,-46,-169,,"tsj;jh"";nrup"
booth,33,347,339,,False,வளத்தாஷ்சேரி,650,183,161,273,-22,-112,,"tsj;jh"";nrup"
booth,33,348,340,,False,பால்நல்லூர்,923,298,226,350,-72,-124,,ghy;ey;Y}u;
booth,33,349,341,,False,பால்நல்லூர்,675,184,159,310,-25,-151,,ghy;ey;Y}u;
booth,33,350,342,,False,வல்லம்,929,239,174,478,-65,-304,,ty;yk;
booth,33,351,343,,False,வல்லம்,880,251,201,398,-50,-197,,ty;yk;
booth,33,352,344,,False,வல்லக் கோட்டை,719,206,205,276,-1,-71,,ty;yf; nfhl;il
booth,33,353,345,,False,வல்லக் கோட்டை,628,141,233,236,92,-3,,ty;yf; nfhl;il
booth,33,354,346,,False,எறையூர்,594,254,129,191,-125,-62,,viwa{u;
booth,33,355,347,,False,எறையூர்,798,228,252,299,24,-47,,viwa{u;
booth,33,356,348,,False,மாத்தூர்,854,240,176,390,-64,-214,,khj;J}u;
booth,33,357,349,,False,மாத்தூர்,716,206,142,330,-64,-188,,khj;J}u;
booth,33,358,350,,False,மேட்டு பாளையம்,953,263,196,451,-67,-255,,nkl;L ghisak;
booth,33,359,351,,False,பண்ருட்஡ி,838,208,298,297,90,1,,gz;Ul;o
booth,33,360,352,,False,பண்ருட்஡ி,781,225,245,277,20,-32,,gz;Ul;o
booth,34,361,353,,False,எழிச்சூர்,810,219,241,308,22,-67,,vHpr;N:u;
booth,34,362,354,,False,எழிச்சூர்,823,297,304,177,7,127,,vHpr;N:u;
booth,34,363,355,,False,வடக்குப்பட்டு,888,203,253,351,50,-98,,tlf;Fg;gl;L
booth,34,364,356,,False,வடக்குப்பட்டு,751,164,202,325,38,-123,,tlf;Fg;gl;L
booth,34,365,357,,False,வடக்குப்பட்டு,642,140,216,240,76,-24,,tlf;Fg;gl;L
booth,34,366,358,,False,நாட்டரசம்பட்டு,858,238,212,363,-26,-151,,ehl;lurk;gl;L
booth,34,367,359,,False,நாட்டரசன்பட்டு,801,304,189,268,-115,-79,,ehl;lurd;gl;L
booth,34,368,360,,False,நாட்டரசன்பட்டு,641,218,141,254,-77,-113,,ehl;lurd;gl;L
booth,34,369,361,,False,உமையாள் பரணிச்சேரி,749,214,155,338,-59,-183,,cikahs; guzpr;nrup
booth,34,370,362,,False,உமையாள் பரணிச்சேரி,703,190,226,260,36,-34,,cikahs; guzpr;nrup
booth,34,371,363,,False,வட்டம்பாக்கம்,748,279,185,255,-94,-70,,tl;lk;ghf;fk;
booth,34,372,364,,False,வட்டம்பாக்கம்,643,221,167,235,-54,-68,,tl;lk;ghf;fk;
booth,34,373,365,,False,ஒரகடம்,699,170,109,396,-61,-287,,xuflk;
booth,35,374,366,,False,ஒரகடம்,818,221,153,410,-68,-257,,xuflk;
booth,35,375,367,,False,செரப்பனஷ்சேரி,632,158,187,266,29,-79,,"brug;gd"";nrup"
booth,35,376,368,,False,செரப்பனஷ்சேரி,628,139,185,267,46,-82,,"brug;gd"";nrup"
booth,35,377,369,,False,நாவலூர்,535,131,84,288,-47,-204,,ehtY}u;
booth,35,378,370,,False,நாவலூர்,568,110,111,308,1,-197,,ehtY}u;
booth,35,379,371,,False,நாவலூர்,662,128,113,380,-15,-267,,ehtY}u;
booth,35,380,372,,False,ஆரம்பாக்கம்,569,152,95,290,-57,-195,,Muk;ghf;fk;
booth,35,381,373,,False,ஆரம்பாக்கம்,724,215,114,351,-101,-237,,Muk;ghf;fk;
booth,35,382,374,,False,வுழங்கசேரி,531,132,116,256,-16,-140,,TH';fnrup
booth,35,383,375,,False,வுழங்கச்சேரி,519,142,135,222,-7,-87,,TH';fr;nrup
booth,35,384,376,,False,வஷ்சுவாஷ்சேரி,726,211,104,369,-107,-265,,"t"";Rth"";nrup"
booth,35,385,377,,False,வஷ்சுவாஷ்சேரி,550,146,98,274,-48,-176,,"t"";Rth"";nrup"
booth,35,386,378,,False,வஷ்சுவாஷ்சேரி,609,203,108,266,-95,-158,,"t"";Rth"";nrup"
booth,36,387,379,,False,ஆதனஷ்சேரி,965,276,160,483,-116,-323,,"Mjd"";nrup"
booth,36,388,380,,False,ஆதனஷ்சேரி,942,267,100,516,-167,-416,,"Mjd"";nrup"
booth,36,389,381,,False,ஆதனஷ்சேரி,913,279,200,370,-79,-170,,"Mjd"";nrup"
booth,36,390,382,,False,ஆதனஷ்சேரி,790,173,163,401,-10,-238,,"Mjd"";nrup"
booth,36,391,383,,False,ஆதனஷ்சேரி,600,138,129,278,-9,-149,,"Mjd"";nrup"
booth,36,392,384,,False,சாலமங்கலம்,978,233,175,521,-58,-346,,rhyk';fyk;
booth,36,393,385,,False,சாலமங்கலம்,1008,255,148,547,-107,-399,,rhyk';fyk;
booth,36,394,386,,False,சாலமங்கலம்,977,211,273,438,62,-165,,rhyk';fyk;
booth,36,395,387,,False,சாலமங்கலம்,943,208,246,443,38,-197,,rhyk';fyk;
booth,36,397,389,,False,சாலமங்கலம் கீழ் படப்பை,845,261,247,298,-14,-51,,rhyk';fyk; fPH; glg;ig - - -
booth,36,398,390,,False,கீழ் படப்பை,990,268,255,420,-13,-165,,fPH; glg;ig
booth,36,399,391,,False,கீழ் படப்பை,748,205,141,363,-64,-222,,fPH; glg;ig
booth,37,400,392,,False,மேல்படப்பை,634,222,96,285,-126,-189,,nky;glg;ig
booth,37,401,393,,False,மேல்படப்பை,662,220,99,310,-121,-211,,nky;glg;ig
booth,37,402,394,,False,மேல் படப்பை,450,139,96,199,-43,-103,,nky; glg;ig
booth,37,403,395,,False,மேல்படப்பை,580,176,100,272,-76,-172,,nky;glg;ig
booth,37,404,396,,False,மேல்படப்பை,593,197,102,258,-95,-156,,nky;glg;ig
booth,37,405,397,,False,மேல்படப்பை,878,271,180,384,-91,-204,,nky;glg;ig
booth,37,406,398,,False,மேல்படப்பை,905,236,219,407,-17,-188,,nky;glg;ig
booth,37,407,399,,False,மேல்படப்பை,439,126,109,188,-17,-79,,nky;glg;ig
booth,37,408,400,,False,மேல்படப்பை,945,303,218,370,-85,-152,,nky;glg;ig
booth,37,409,401,,False,ஆதனூர் (஡ி.஡ி.சி.நகர்),502,147,82,243,-65,-161,,MjD}u; (o/o/rp/efu;)
booth,37,410,402,,False,ஆதனூர் ஡ி.஡ி.சி.நகர்,652,166,145,304,-21,-159,,MjD}u; o/o/rp/efu;
booth,37,411,403,,False,ஆதனூர் ஡ி.஡ி.சி. நகர்,571,180,110,248,-70,-138,,MjD}u; o/o/rp/ efu;
booth,38,412,404,,False,ஆதனூர் ஡ி஡ிசி நகர்,717,227,112,332,-115,-220,,MjD}u; oorp efu;
booth,38,413,405,,False,ஆதனூர் ஡ி஡ிசி நகர்,783,202,151,386,-51,-235,,MjD}u; oorp efu;
booth,38,414,406,,False,ஆதனூர்,731,225,150,307,-75,-157,,MjD}u;
booth,38,415,407,,False,ஆதனூர்,558,120,117,274,-3,-157,,MjD}u;
booth,38,416,408,,False,ஆதனூர்,859,229,185,382,-44,-197,,MjD}u;
booth,38,417,409,,False,ஆதனூர்,563,143,124,244,-19,-120,,MjD}u;
booth,38,418,409,A,True,ஆதனூர்,518,124,84,261,-40,-177,,MjD}u;
booth,38,419,410,,False,ஆதனூர்,854,220,191,371,-29,-180,,MjD}u;
booth,38,420,411,,False,ஒரத்தூர்,721,189,288,225,99,63,,xuj;J}u;
booth,38,421,412,,False,ஒரத்தூர்,778,170,300,287,130,13,,xuj;J}u;
booth,38,422,413,,False,ஒரத்தூர்,820,195,231,344,36,-113,,xuj;J}u;
booth,38,423,414,,False,ஒரத்தூர்,806,183,230,348,47,-118,,xuj;J}u;
booth,38,424,415,,False,ஒரத்தூர்,855,211,266,335,55,-69,,xuj;J}u;
booth,39,425,416,,False,காவனூர்,723,240,179,279,-61,-100,,fhtD}u;
booth,39,426,417,,False,காவனூர்,841,266,196,350,-70,-154,,fhtD}u;
booth,39,427,418,,False,காவனூர்,784,217,192,339,-25,-147,,fhtD}u;
booth,39,428,419,,False,கொருக்கந் தாங்கல்,300,88,71,123,-17,-52,,bfhUf;fe; jh';fy;
booth,39,429,420,,False,கொருக்கந் தாங்கல்,587,195,125,242,-70,-117,,bfhUf;fe; jh';fy;
booth,39,430,421,,False,கொருக்கந் தாங்கல்,784,252,162,328,-90,-166,,bfhUf;fe; jh';fy;
booth,39,431,422,,False,மாடம்பாக்கம்,693,241,123,295,-118,-172,,khlk;ghf;fk;
booth,39,432,423,,False,மாடம்பாக்கம்,874,290,114,424,-176,-310,,khlk;ghf;fk;
booth,40,433,424,,False,மாடம்பாக்கம்,759,282,110,326,-172,-216,,khlk;ghf;fk;
booth,40,434,425,,False,மாடம்பாக்கம்,737,232,70,388,-162,-318,,khlk;ghf;fk;
booth,40,435,426,,False,மாடம்பாக்கம்,827,234,111,442,-123,-331,,khlk;ghf;fk;
booth,40,436,427,,False,மாடம்பாக்கம்,492,149,85,224,-64,-139,,khlk;ghf;fk;
booth,40,437,427,A,True,மாடம்பாக்கம்,504,132,77,255,-55,-178,,khlk;ghf;fk;
booth,40,438,428,,False,மாடம்பாக்கம்,601,156,105,312,-51,-207,,khlk;ghf;fk;
booth,40,439,429,,False,மாடம்பாக்கம்,825,237,95,439,-142,-344,,khlk;ghf;fk;
booth,40,440,430,,False,மாடம்பாக்கம்,533,138,73,290,-65,-217,,khlk;ghf;fk;
booth,40,441,431,,False,மாடம்பாக்கம்,703,239,67,359,-172,-292,,khlk;ghf;fk;
booth,40,442,432,,False,மாடம்பாக்கம்,748,280,71,356,-209,-285,,khlk;ghf;fk;
booth,40,443,433,,False,மாடம்பாக்கம் (குத்தனூர்),784,233,127,381,-106,-254,,khlk;ghf;fk; (Fj;jD}u;)
booth,40,444,434,,False,மாடம்பாக்கம் குத்தனூர்,472,137,69,246,-68,-177,,khlk;ghf;fk; Fj;jD}u;
booth,40,445,434,A,True,மாடம்பாக்கம்,598,149,98,303,-51,-205,,khlk;ghf;fk;
booth,41,446,435,,False,மாடம்பாக்கம் குத்தனூர்,856,263,106,447,-157,-341,,khlk;ghf;fk; Fj;jD}u;
total,41,,,,False,,326855,91996,72044,146122,-19952,-74078,,
postal,41,,,,False,தபால் வாக்கு,2413,867,742,661,-125,81,,jghy; thf;F jghy; thf;F
