loss,mae,val_loss,val_mae
0.058100469410419464,0.20077967643737793,0.016273057088255882,0.10632456094026566
0.012237348593771458,0.08279392868280411,0.006024084519594908,0.05707382783293724
0.0080679627135396,0.06155362352728844,0.004714511800557375,0.048636190593242645
0.006763886194676161,0.055822327733039856,0.0036964835599064827,0.043183110654354095
0.005764155648648739,0.05118362978100777,0.00339637603610754,0.040725287050008774
0.005412205122411251,0.04779850319027901,0.003239785088226199,0.03890276327729225
0.0052330754697322845,0.04699292033910751,0.0031717615202069283,0.03787526860833168
0.004925724118947983,0.044805072247982025,0.003034993540495634,0.0366310253739357
0.0049913194961845875,0.043856341391801834,0.002871864940971136,0.035327568650245667
0.004645839799195528,0.042952075600624084,0.00285727228038013,0.03485715389251709
0.0044434587471187115,0.04121860861778259,0.002868175506591797,0.03449142724275589
0.004237311892211437,0.03967103362083435,0.0028444654308259487,0.03384353220462799
0.004564352333545685,0.040681347250938416,0.002690996741876006,0.03262409567832947
0.004286371171474457,0.039549123495817184,0.002825950039550662,0.033395979553461075
0.004374776501208544,0.04000164568424225,0.0027468958869576454,0.032722193747758865
0.00406678719446063,0.038044072687625885,0.002692478010430932,0.03185700252652168
0.004201801028102636,0.03813418745994568,0.0026533554773777723,0.03141181170940399
0.00407079653814435,0.03773139417171478,0.002680647885426879,0.03145656734704971
0.004193120636045933,0.03825243189930916,0.0026705593336373568,0.03099803999066353
0.00399665767326951,0.037160977721214294,0.0025920732878148556,0.03049139678478241
0.004150779452174902,0.037459515035152435,0.002609656658023596,0.03051702491939068
0.004298643209040165,0.03887087479233742,0.002617724472656846,0.030639370903372765
0.003999949432909489,0.0368988998234272,0.002684964332729578,0.030944984406232834
0.0040320842526853085,0.03708122298121452,0.002595233730971813,0.030475810170173645
0.004055080469697714,0.03734365105628967,0.00259379087947309,0.030295193195343018
0.003959839232265949,0.03772037476301193,0.002500304952263832,0.029690975323319435
0.003970491699874401,0.036932386457920074,0.002620020182803273,0.030358070507645607
0.003934432286769152,0.03681701794266701,0.0025974183809012175,0.029990946874022484
0.0038790374528616667,0.036648791283369064,0.002574577694758773,0.029770102351903915
0.003908495884388685,0.03645031899213791,0.0025897352024912834,0.02990027703344822
0.003909605089575052,0.03643445298075676,0.002561474684625864,0.02944708801805973
0.0038556987419724464,0.03634403273463249,0.0025320795830339193,0.029360828921198845
0.0037875769194215536,0.036150313913822174,0.0026463663671165705,0.030054448172450066
0.003707664320245385,0.03590819612145424,0.002544837072491646,0.029427960515022278
0.0039167702198028564,0.03677752986550331,0.002499219961464405,0.029153406620025635
0.003782131476327777,0.036241788417100906,0.0025051876436918974,0.02916729263961315
0.003895607776939869,0.03638399764895439,0.002530478173866868,0.02900470420718193
0.0035622629802674055,0.034725166857242584,0.0025069057010114193,0.028912752866744995
0.0037354372907429934,0.035988710820674896,0.002575723687186837,0.02929758094251156
0.0038945924025028944,0.036418262869119644,0.0024874680675566196,0.028682714328169823
0.003703450318425894,0.035485684871673584,0.0024712427984923124,0.028560347855091095
0.00374785833992064,0.03575119003653526,0.002419068943709135,0.02813149057328701
0.00366563955321908,0.035084404051303864,0.002443803008645773,0.02830413356423378
0.0037642696406692266,0.03585933521389961,0.0025359871797263622,0.029215719550848007
0.0036910430062562227,0.03546540066599846,0.0025387629866600037,0.028953615576028824
0.0037483321502804756,0.035498250275850296,0.002482447773218155,0.02845023199915886
0.003659580834209919,0.034841086715459824,0.002504499163478613,0.02860705368220806
0.0035599551629275084,0.03528103232383728,0.0025284711737185717,0.02891349233686924
0.0037148254923522472,0.03558417037129402,0.0025365573819726706,0.02879471704363823
0.003585462225601077,0.034679945558309555,0.0025346779730170965,0.028773002326488495
0.0036835656501352787,0.035679128021001816,0.002537682419642806,0.028574509546160698
0.0036300448700785637,0.03508519008755684,0.0025135204195976257,0.028607066720724106
0.003530579386278987,0.0346844308078289,0.0025635308120399714,0.028875697404146194
0.00358671136200428,0.03498092666268349,0.002517051063477993,0.028775544837117195
0.003522727871313691,0.03483646363019943,0.0025759264826774597,0.02904306724667549
0.003600100986659527,0.03535517305135727,0.0026284740306437016,0.029521692544221878
0.0036834091879427433,0.0356961190700531,0.0025935526937246323,0.02909758687019348
