year,col,candidate,party,booth_votes,total_votes
2021,1,"SELVAPERUNTHAGAI, K",INDIAN NATIONAL CONGRESS,112966,115353
2021,2,"PALANI, K",ALL INDIA ANNA DRAVIDA MUNNETRA KAZHAGAM,103015,104474
2021,3,"VINOTH, E",BAHUJAN SAMAJ PARTY,786,803
2021,4,"THANIGAIVEL, M",MAKKAL NEEDHI MAIAM,8741,8870
2021,5,"PUSHPARAJ, D",NAAM TAMILAR KATCHI,21768,22034
2021,6,"PERUMAL, R",AMMA MAKKAL MUNNETTRA KAZAGAM,3092,3144
2021,7,"LOKESH, E",DESIYA MAKKAL SAKTHI KATCHI,123,123
2021,8,"SAROJA, S",INDEPENDENT,277,282
2021,9,"SUDHAKAR, P",INDEPENDENT,86,100
2021,10,"DEVARAJAN, K",INDEPENDENT,113,129
2021,11,"PARTHIBAN, M",INDEPENDENT,74,74
2021,12,"LEENA, V",INDEPENDENT,136,138
2021,13,"VASANTHI, E",INDEPENDENT,118,124
2021,14,"VEDHAGIRI, R",INDEPENDENT,132,135
2021,15,"VAIRAMUTHU, D",INDEPENDENT,6252,6340
2021,16,NOTA,,2105,2139
