actual_2021,linear_regression,random_forest,gradient_boosting,xgboost,deep_learning
0.5709382151029748,0.4046981961602745,0.49749564379849165,0.49551018359501753,0.5164192,0.46341532
0.010297482837528604,0.0034598446145130968,0.01108210679349297,0.005953256869829949,0.004737088,0.005137077
0.32494279176201374,0.4259359997156124,0.370086023528625,0.4124073669093587,0.40325728,0.35865265
0.010297482837528604,0.029748617154004314,0.021966641972452364,0.024956523505739684,0.02002727,0.017067222
0.057208237986270026,0.0844308410104544,0.06737026719954756,0.06311698979334625,0.071092375,0.05951043
0.005720823798627002,0.008413955992299244,0.012712906979641546,0.00852357661545512,0.008300455,0.003322952
0.5829694323144105,0.40538269799015736,0.4543534963875438,0.42362071373540294,0.4570712,0.47031558
0.008733624454148471,0.002432999457814111,0.005288449003386396,0.00572380329026885,0.0039491854,0.005959185
0.314410480349345,0.4264375354188881,0.33464333627386733,0.3847250269811608,0.4009353,0.32201034
0.002183406113537118,0.028762132428361564,0.019076927754931944,0.02752164220983933,0.020978859,0.015137929
0.06550218340611354,0.0833305466884674,0.07341103081884026,0.06474211259813441,0.070839785,0.05935567
0.002183406113537118,0.007774195915856763,0.011628528569431586,0.00852357661545512,0.007592423,0.0021187265
0.21548821548821548,0.4056234722694224,0.49473490339899795,0.4452176015742477,0.4800251,0.46864852
0.005050505050505051,0.0027319490297580407,0.006031629208152984,0.00572380329026885,0.0035162685,0.005462789
0.6498316498316499,0.4242658462038571,0.4358671833601812,0.45284392872126283,0.41742098,0.43741608
0.005050505050505051,0.029065697588925493,0.017575596731755495,0.026322054850211028,0.020812562,0.016830876
0.08585858585858586,0.0836321523686156,0.07320227525844897,0.06311698979334625,0.068753116,0.063080914
0.006734006734006734,0.007882948920690191,0.012523999324259814,0.00852357661545512,0.0072960807,0.0029581755
0.40253748558246827,0.4039255203547423,0.5144573979595551,0.454832268829231,0.51885384,0.45370403
0.006920415224913495,0.0035869903099336464,0.006324658717000561,0.00572380329026885,0.0030420683,0.0047832127
0.4590542099192618,0.42330623306325565,0.43205597154077385,0.4461617996724759,0.38275364,0.4262728
0.012687427912341407,0.029954481392747007,0.014724465884542485,0.023331400700951497,0.018480353,0.014743789
0.10726643598615918,0.08454602876049588,0.07690242361858882,0.06311698979334625,0.06967773,0.05840441
0.00461361014994233,0.007695545516343466,0.009756884114099498,0.00852357661545512,0.007577849,0.009387693
0.48554913294797686,0.40582675748452646,0.4657798419575264,0.4417586198403645,0.45042878,0.47058752
0.0038535645472061657,0.0024610728736403353,0.0029303006929506004,0.003883694044363054,0.0031441054,0.0056391866
0.4682080924855491,0.425877151029458,0.43591085945978714,0.43771115903215657,0.43671492,0.42214304
0.0019267822736030828,0.028790571240581708,0.01079999064253956,0.03337164099893168,0.021887941,0.015375943
0.030828516377649325,0.08338788958978799,0.05280603128995617,0.06730723130223407,0.061710365,0.055641055
0.0038535645472061657,0.007873890110744658,0.008478137564236779,0.00852357661545512,0.0071250857,0.0015704511
0.4939759036144578,0.40560423221791897,0.43523630886817,0.4031600086914812,0.4618395,0.45735592
0.006693440428380187,0.002604174986589769,0.001788547940642407,0.003883694044363054,0.0025866395,0.0049667466
0.392235609103079,0.4256681010441763,0.43554968859372867,0.42406097052149,0.42192015,0.42119953
0.013386880856760375,0.028910291603103405,0.009088190958241024,0.03159741374950253,0.021840993,0.017003896
0.05622489959839357,0.08352353730771606,0.04296264533343445,0.07028990168717134,0.05960835,0.05768375
0.004016064257028112,0.00786684050496489,0.006587858939225414,0.00852357661545512,0.0066286074,0.0022871643
0.26192893401015227,0.4059189759679903,0.3530193869340777,0.4086144832442118,0.40459,0.4648464
0.0020304568527918783,0.002251115324315267,0.0026154056337608935,0.003883694044363054,0.004857262,0.005317219
0.46598984771573604,0.42616071570618086,0.4416262858365261,0.4267933145705598,0.42349225,0.4218374
0.009137055837563452,0.02857085138631041,0.025327028498508854,0.029424693266995174,0.026456298,0.014166137
0.0883248730964467,0.08312930576467006,0.08319021257145287,0.07624528107297203,0.07571307,0.06522474
0.007106598984771574,0.0075336784382685484,0.011684766025517036,0.00852357661545512,0.007795167,0.0036921129
0.48206599713055953,0.40528603053073037,0.41413153773566724,0.4290039361923151,0.41520536,0.44012272
0.0028694404591104736,0.0032726185301495403,0.0019610765819962996,0.003883694044363054,0.0035695587,0.004015563
0.4031563845050215,0.42543246255128064,0.4148931425927637,0.42713632191222956,0.41093394,0.40361187
0.018651362984218076,0.02952735578196311,0.011258493508934517,0.023331400700951497,0.018191617,0.020160416
0.05308464849354376,0.08412015806117368,0.07319102630285097,0.07462015826818387,0.07526627,0.07153029
0.01721664275466284,0.008371048186870983,0.006726844047593226,0.00852357661545512,0.007057532,0.002641834
0.3784090909090909,0.4049588236355993,0.4594466521617655,0.45184896031399724,0.4508697,0.43421927
0.003409090909090909,0.00330819520300471,0.00250281460030363,0.003883694044363054,0.0036273624,0.0040481603
0.48068181818181815,0.4243734957850336,0.4225309661544511,0.4110333457652859,0.42209995,0.4157112
0.038636363636363635,0.029452830174898553,0.020906536451383195,0.024956523505739684,0.019380737,0.02433439
0.07386363636363637,0.0841911386802014,0.07830787821792999,0.07462015826818387,0.07560321,0.068103395
0.010227272727272727,0.008231595765935795,0.007624068685665243,0.00852357661545512,0.007394475,0.0035988519
0.4426229508196721,0.40438941857780386,0.46485962822085725,0.41946326651906496,0.47732347,0.46220273
0.00234192037470726,0.004135045191530129,0.003376270493021747,0.0041206315877917185,0.0038322625,0.0032878516
0.4566744730679157,0.4245184765730685,0.43113157726241214,0.42643774722624106,0.4184107,0.41529277
0.00819672131147541,0.030378306066866007,0.01164023425126602,0.023331400700951497,0.01836685,0.013377968
0.05620608899297424,0.08491175010953078,0.06435598603100876,0.0740785246640109,0.072931476,0.057019636
0.01405152224824356,0.008137483286880853,0.007938325644156679,0.00852357661545512,0.007351713,0.0068312944
0.5461767626613704,0.4056419726186997,0.42420188733633146,0.3980284427223658,0.41281578,0.4376396
0.00893743793445879,0.0025070462168372276,0.002750829519877735,0.005337063472941214,0.0047098203,0.004718461
0.3157894736842105,0.4258120275077565,0.41642829496354256,0.4223103707423773,0.42752475,0.4150979
0.012909632571996028,0.028798515818896586,0.013054209278561884,0.028293475958097152,0.022421636,0.018745128
0.0913604766633565,0.08331080866376675,0.084573533953479,0.07769865050155021,0.079519205,0.08433703
0.007944389275074478,0.00767944346771729,0.009520974119315913,0.009976946044033283,0.0083594825,0.0035963918
0.320139697322468,0.40505616708074355,0.4350635423052462,0.4530351765571914,0.46506777,0.42145923
0.002328288707799767,0.002898449388316404,0.0036150575691269713,0.005337063472941214,0.0036562334,0.0040086135
0.48544819557625146,0.4253498933792655,0.4228429604500396,0.42353181920584276,0.4264722,0.41500434
0.06286379511059371,0.02918233395775885,0.010564400553221345,0.027775424278789186,0.021587022,0.020011296
0.09080325960419092,0.08375640169453014,0.07212251151563225,0.07607352769676205,0.07489866,0.072678186
0.008149010477299184,0.008059177923471134,0.006944215835203525,0.009976946044033283,0.00776469,0.002669853
0.39767441860465114,0.40585660176020066,0.42002326815479596,0.4029573471906882,0.40461615,0.44082057
0.0,0.0023344402735143155,0.003088151644005359,0.005337063472941214,0.0047588632,0.005217958
0.4255813953488372,0.42600015888798676,0.4176575794569147,0.4124956372728569,0.4123051,0.41650215
0.002325581395348837,0.028649029850413094,0.013712277894880902,0.028293475958097152,0.022421636,0.017477265
0.07906976744186046,0.08319789085777035,0.08172202662355685,0.07769865050155021,0.079519205,0.07609521
0.020930232558139535,0.007686372822213766,0.00911814684051376,0.009976946044033283,0.0083594825,0.0024112621
0.4305239179954442,0.40502214063873637,0.4049795377920521,0.37466158067821276,0.38710958,0.41223377
0.0,0.0026468945775360853,0.0034077101876930855,0.005337063472941214,0.004425723,0.004251481
0.3895216400911162,0.4258607997139113,0.40715273333903035,0.398789495675735,0.39388475,0.40866032
0.015945330296127564,0.028944068086962343,0.006269173340868301,0.03305078317808069,0.023908237,0.0194793
0.10933940774487472,0.08351400869624498,0.08109434358157502,0.07607352769676205,0.07782156,0.07195527
0.004555808656036446,0.007869321273889951,0.007514871041463127,0.009976946044033283,0.008415212,0.0026864572
0.32796780684104626,0.40578516260087744,0.40453094232896747,0.39796136075303035,0.40805134,0.42610285
0.0,0.0024957631101141242,0.0030076871861036275,0.007671701026345698,0.007412213,0.0044890554
0.5271629778672032,0.4258667257525678,0.41685498068359395,0.4181733040401511,0.42524767,0.4140067
0.04024144869215292,0.028802745732782825,0.020841265846088704,0.03130964919182199,0.028773954,0.01907452
0.08048289738430583,0.0833390558889403,0.09360169277227136,0.08505939253074998,0.0863022,0.08084244
0.008048289738430584,0.007436033829705591,0.01571444132394329,0.012311583597437767,0.016548779,0.008439707
0.5138427464008859,0.4013333519426244,0.41194780893382427,0.4368457157712644,0.4509568,0.40411097
0.024363233665559248,0.003599488578306137,0.003138606848036567,0.007671701026345698,0.0060300855,0.0037053514
0.3554817275747508,0.42522937831586544,0.4201956006885776,0.4139558550731199,0.44535434,0.40650222
0.013289036544850499,0.029966665197187603,0.021212867848655066,0.03715964798091434,0.02964442,0.019078944
0.06090808416389812,0.08453199765992814,0.08622149535496013,0.08343426972596182,0.08228466,0.06556791
0.005537098560354375,0.008255079795300962,0.0069090541685825095,0.012311583597437767,0.009831198,0.0052215178
0.4168466522678186,0.4025220643167541,0.40412201145123083,0.39724085793619524,0.39940634,0.3991008
0.0021598272138228943,0.003249888805071932,0.0029049204378361073,0.007671701026345698,0.0061465437,0.0038303232
0.4406047516198704,0.4255653488714244,0.40342366661127144,0.39340886494664745,0.40583056,0.40216282
0.03347732181425486,0.029528566986919552,0.02113621057336253,0.027119407682934138,0.025174327,0.02346563
0.08639308855291576,0.08415728066118122,0.08395788565199776,0.08343426972596182,0.08393943,0.07177112
0.01079913606911447,0.007857529396095353,0.007597480081254659,0.012311583597437767,0.010204203,0.0066249627
0.2789115646258503,0.4050361481564778,0.38503763620412357,0.39167243953265013,0.39122915,0.40001425
0.003401360544217687,0.0025750891665896614,0.006182664210742164,0.007671701026345698,0.0071077445,0.0047084503
0.6224489795918368,0.42566833650166686,0.4185014010899956,0.41392003080576634,0.42372423,0.41382918
0.015306122448979591,0.02889817346846421,0.02582335837691366,0.030628113511501635,0.028562978,0.021383524
0.05442176870748299,0.08346047258781278,0.09119302086528663,0.08505939253074998,0.08547851,0.0806879
0.008503401360544218,0.007556928175176919,0.00830544206139257,0.012311583597437767,0.010904614,0.0064972322
0.3778162911611785,0.4037049577403262,0.39549346605507407,0.38995475582367356,0.3856059,0.4114027
0.06932409012131716,0.0032657203374769628,0.008107699920521941,0.0077497544678443945,0.0062524606,0.004164494
0.44020797227036396,0.42378475216875056,0.4716100308022609,0.43228223993608544,0.45637858,0.41961655
0.005199306759098787,0.029617035541471715,0.029640811523795503,0.027119407682934138,0.025083374,0.023142124
0.09532062391681109,0.08416059890720598,0.08599187471764397,0.08505939253074998,0.08483925,0.07940061
0.005199306759098787,0.008258072668160171,0.007838542126737534,0.012311583597437767,0.009857931,0.0036399395
0.5099667774086378,0.4038917832105023,0.4093485583535104,0.39851896138318177,0.40871954,0.39829844
0.0033222591362126247,0.002986475655596954,0.00798770661253746,0.0077497544678443945,0.0050822194,0.0036082682
0.4119601328903654,0.4257824599161911,0.4065049324666351,0.40288424342752255,0.39591444,0.40501258
0.011627906976744186,0.029269047458351044,0.021108487657009598,0.03130964919182199,0.028056469,0.022819374
0.029900332225913623,0.0837991120629078,0.07817014568211318,0.08505939253074998,0.08255855,0.08247937
0.0049833887043189366,0.007622229726450047,0.00762678538124068,0.012311583597437767,0.008947646,0.007881937
0.436670687575392,0.40432937258911517,0.4123745874429316,0.40575157080824314,0.41406852,0.40864542
0.006031363088057901,0.0030567161068016657,0.006911919565011866,0.012799951397559442,0.008337909,0.003994924
0.3618817852834741,0.42585585538178117,0.39601157591024216,0.4054408923897298,0.39565507,0.4006241
0.03739445114595899,0.02942777308329325,0.020311160077607974,0.03746413150578058,0.03905726,0.02258122
0.12062726176115803,0.08399866538776513,0.08362059183374022,0.08724745907939555,0.08610022,0.07322132
0.007237635705669481,0.007972172677942674,0.007958394676841852,0.012616067122304012,0.010780093,0.0045679365
0.33579335793357934,0.4046150077653304,0.37638564210766373,0.39937835179759906,0.38843283,0.3979161
0.0012300123001230013,0.0027920340306699654,0.016341874907911655,0.015791921939297807,0.01108857,0.003690554
0.5522755227552275,0.4253476349449937,0.41564136926469203,0.42002695421988756,0.43530458,0.4153125
0.038130381303813035,0.029048825964439945,0.05177039329820851,0.02742389120780038,0.041918848,0.02463377
0.055350553505535055,0.08357653518449581,0.09024270614394488,0.08536387605561623,0.085542895,0.09202642
0.0024600246002460025,0.007854627076522264,0.008156609445278894,0.012616067122304012,0.01105671,0.0039576343
0.29207920792079206,0.4020422026920488,0.37023394999769044,0.37219450674152205,0.35620335,0.39687008
0.0049504950495049506,0.0035236300402260723,0.0027300005239270773,0.010978055107572838,0.015548623,0.0030946368
0.49504950495049505,0.42513483242645256,0.3758026632341608,0.42813312009524207,0.40701926,0.4075004
0.13366336633663367,0.029787387909828794,0.11206761305142976,0.03763266407811437,0.08315718,0.022460902
0.039603960396039604,0.08432862101993635,0.08640399685770193,0.09019858900998877,0.08599739,0.078039795
0.01485148514851485,0.00800266328200988,0.008734152359368051,0.019075902881464716,0.020973904,0.006615474
0.3263598326359833,0.40389450242244995,0.37776364537799023,0.3976789107653468,0.3863009,0.38395154
0.002789400278940028,0.0027653965466762354,0.0043346274628982525,0.010978055107572838,0.018374974,0.0036366107
0.29567642956764295,0.42592829155939604,0.35387064773707755,0.35916255735207375,0.37021616,0.41015092
0.2398884239888424,0.029051573230194666,0.15212533796105615,0.03763266407811437,0.0837028,0.02391001
0.09344490934449093,0.08361846211658192,0.0769803850024406,0.09019858900998877,0.085255444,0.0818559
0.008368200836820083,0.008061933758086892,0.006996921251836198,0.019075902881464716,0.021400584,0.0022702115
0.4581545064377682,0.40194429167349977,0.38491933844607,0.37604636206052716,0.35277107,0.412056
0.0,0.004056232359482492,0.008515625850125342,0.011214992651001504,0.02029662,0.0027136717
0.1072961373390558,0.4242730902959302,0.28578061580543834,0.3679786137723024,0.31741995,0.41299832
0.34763948497854075,0.03035674253564538,0.2703168229219266,0.04781537072880891,0.12974197,0.014906461
0.05472103004291846,0.0845954508607423,0.07981614336530433,0.08965695540581582,0.07852802,0.08387961
0.008583690987124463,0.008162153496078378,0.008843537032076939,0.019075902881464716,0.027871517,0.0068425685
0.4476047904191617,0.40413679967009625,0.3853718376312513,0.39843118208934436,0.39231837,0.3937658
0.0,0.0029024549051063775,0.004919391706671409,0.010978055107572838,0.019657144,0.0036560318
0.4101796407185629,0.4250117042952152,0.38876007160432785,0.3955378693827721,0.39067137,0.41677192
0.016467065868263474,0.029206638879787444,0.08669577913048584,0.03815071575742234,0.06615991,0.025274605
0.0718562874251497,0.08370735560183884,0.09626854744754197,0.09182371181477693,0.0871993,0.094671234
0.008982035928143712,0.008037424843592295,0.00749144587997816,0.019075902881464716,0.023528045,0.0031661473
0.23161189358372458,0.4042212154100233,0.3865578791056117,0.3908051487441277,0.38107497,0.39939323
0.001564945226917058,0.0030689981468514094,0.0026378405311298955,0.003417443828878434,0.009091825,0.0034605097
0.5492957746478874,0.4253715601239223,0.3927888187929495,0.4171868133563347,0.40922156,0.41670984
0.001564945226917058,0.029406073117662135,0.033776828412232764,0.027982439019952846,0.047485195,0.023511957
0.08450704225352113,0.08379723461972566,0.08474970384577102,0.08324494099176888,0.084707275,0.10941942
0.006259780907668232,0.007964406906283417,0.00813701070905539,0.007659732942748727,0.013909988,0.004577567
0.3252788104089219,0.40324664756345596,0.40203887637091984,0.39570493246763266,0.40753064,0.4138011
0.0018587360594795538,0.003982066329833528,0.0028806611956888077,0.0036543813723070983,0.0031414921,0.002771481
0.4479553903345725,0.42515986731806676,0.43764329310978556,0.4291802454645553,0.4511973,0.42019802
0.0055762081784386614,0.030268630614370406,0.01908800169522306,0.0224675570282451,0.022671212,0.016231628
0.09293680297397769,0.08463518837352241,0.07374351588842847,0.08107818458280777,0.07876983,0.079635024
0.011152416356877323,0.00878101556656255,0.005865455420282422,0.007659732942748727,0.008486544,0.002993317
0.3225108225108225,0.4044559406358279,0.37748440344841644,0.3832775361812064,0.36937195,0.39761242
0.004329004329004329,0.0029864671485433647,0.0019116114864054668,0.002007165688392102,0.0037237226,0.0032965462
0.4199134199134199,0.4259347824061005,0.4517745220181971,0.4645643728418278,0.42338544,0.41344398
0.008658008658008658,0.029279625344081656,0.017670750078984058,0.021588788545451813,0.023661982,0.023991166
0.09307359307359307,0.08379867256286752,0.08617652721167635,0.08196015752490002,0.083531946,0.092781015
0.010822510822510822,0.008111824344688906,0.0072434038109268056,0.005899728034964384,0.0088554695,0.002886872
0.33198789101917253,0.40507234170324313,0.38187284069802857,0.39158211836189916,0.39137343,0.3966561
0.0010090817356205853,0.002730262553823637,0.001827578088040529,0.002007165688392102,0.0029479226,0.0035345238
0.4106962663975782,0.42588616605030505,0.4113367452924288,0.4304592259019767,0.4152909,0.4133133
0.007063572149344097,0.029016940194232954,0.011573009747863643,0.02178751457122802,0.020036064,0.024690906
0.10393541876892028,0.0835565850866519,0.08133196383208595,0.08196015752490002,0.08325089,0.09418756
0.013118062563067608,0.007815647007863552,0.008365970571680986,0.005899728034964384,0.007879738,0.004213561
0.35436382754994744,0.40451341974410177,0.3778032258452793,0.3673875892429554,0.35782066,0.39516366
0.0031545741324921135,0.002921024456023713,0.001953576041522127,0.002007165688392102,0.0024766685,0.0033330093
0.3743427970557308,0.42536682606031945,0.40610934350945443,0.4330918387590806,0.43035564,0.41671315
0.008412197686645636,0.029225223699692937,0.020029593467330145,0.026222434112168503,0.02296021,0.023328543
0.12723449001051526,0.08365336077901922,0.08481491790133301,0.08196015752490002,0.083843365,0.10746455
0.014721345951629864,0.007630464070732784,0.007875875211559247,0.005899728034964384,0.007527428,0.008063425
0.5233415233415234,0.40576392696971975,0.38508014867989543,0.390565602924489,0.381215,0.40165675
0.0012285012285012285,0.0024002959072303987,0.0027308283705800287,0.002007165688392102,0.0029062654,0.0041076913
0.3144963144963145,0.4259906496064255,0.4073851505224958,0.4346200665443488,0.42527112,0.41332453
0.002457002457002457,0.028735640095109816,0.009072808619344614,0.026222434112168503,0.023594959,0.021454442
0.08476658476658476,0.08325047619175455,0.09189118972630234,0.08196015752490002,0.08625315,0.09401625
0.0085995085995086,0.007449665498509672,0.008300350993265603,0.005899728034964384,0.016285148,0.010004972
0.123094958968347,0.40347524567332016,0.3510222924933113,0.38340783846240234,0.38090786,0.395153
0.0,0.003238013971354342,0.0017816035680108323,0.002007165688392102,0.002227063,0.0032797232
0.7866354044548651,0.42535060609685066,0.4826378719305332,0.4908025425298252,0.45568746,0.4248605
0.007033997655334115,0.02958835200671639,0.026558419746883968,0.026222434112168503,0.023652608,0.020756321
0.05158264947245018,0.0840024663058061,0.0874472886037664,0.08196015752490002,0.08501457,0.104085855
0.007033997655334115,0.007980588409319395,0.008418585235971197,0.005899728034964384,0.0077143386,0.005247751
0.25867861142217247,0.40432004004890804,0.3520828850301424,0.3888521587377836,0.3636697,0.39628407
0.0011198208286674132,0.0030626799263198667,0.0017193105745573012,0.002007165688392102,0.002637674,0.0032247137
0.6539753639417694,0.4256171629065493,0.4651135329407489,0.4460374579073503,0.4510368,0.42499352
0.014557670772676373,0.029377269503218617,0.022335177165247248,0.026222434112168503,0.023711452,0.021720562
0.04479283314669653,0.08365975975274179,0.08456905503817944,0.08196015752490002,0.08507341,0.13086708
0.011198208286674132,0.007608941996801594,0.008221418565891762,0.005899728034964384,0.0077731824,0.009384319
0.41164658634538154,0.4045607143043486,0.3825423819061399,0.38788020035020054,0.38976324,0.39043137
0.002008032128514056,0.002819493680755236,0.002013575267653943,0.004123063445583537,0.0046034874,0.0034164928
0.4367469879518072,0.42547085100179377,0.3983631739604281,0.410375873149476,0.4043786,0.42194045
0.015060240963855422,0.0291044061608679,0.01255247840085788,0.022823449877652197,0.021734755,0.023418719
0.09036144578313253,0.08365971707711867,0.08389173159611041,0.08407605528209146,0.08475345,0.09389777
0.012048192771084338,0.007505432771548914,0.007668741394065249,0.008015625792155824,0.015180603,0.010818402
0.33796296296296297,0.40437875669373696,0.39118428926913446,0.39231580297739055,0.40454608,0.3881735
0.0011574074074074073,0.002815629189226232,0.0020638487854394197,0.004123063445583537,0.004286787,0.0034779678
0.3993055555555556,0.4256182342346111,0.3875166731099884,0.41027339877460545,0.39747778,0.42407054
0.017361111111111112,0.02915999677379877,0.03615515305912675,0.03261426399406027,0.030861361,0.020867258
0.13425925925925927,0.08347691544384589,0.0842964064669508,0.08407605528209146,0.08636165,0.12696429
0.004629629629629629,0.007796724673676925,0.00878318788282667,0.008015625792155824,0.009108491,0.005192311
0.510236220472441,0.4020319473309016,0.3808182664430091,0.359314451217858,0.37629622,0.40449736
0.0031496062992125984,0.00407599380204729,0.0033060822697887388,0.004360000989012202,0.0040186862,0.0024239074
0.3354330708661417,0.42419630579220613,0.39795516558231053,0.4040271605449482,0.39218995,0.429855
0.012598425196850394,0.030404698594346108,0.023721798101542957,0.03261426399406027,0.026062334,0.013265083
0.09763779527559055,0.08450132358416979,0.0878154191559393,0.08190929887313035,0.080057986,0.09476061
0.004724409448818898,0.007938518069067091,0.00856255815579279,0.008015625792155824,0.008520105,0.008939758
0.3781362007168459,0.40356548629727107,0.40274559887917416,0.4454209190868949,0.4224079,0.385898
0.0017921146953405018,0.0029798975604803657,0.001731075062121979,0.004123063445583537,0.0043001445,0.00326398
0.39336917562724016,0.4256466630701554,0.3932649119052209,0.41974877725548054,0.4052821,0.4271458
0.11021505376344086,0.029294487137379116,0.02551802756057562,0.028338331869359943,0.025373919,0.021165334
0.08333333333333333,0.0838134201118855,0.0935981605879053,0.08407605528209146,0.08545774,0.093778335
0.005376344086021506,0.008051162203967205,0.008670242612652026,0.008015625792155824,0.008770084,0.003230463
0.35250266240681577,0.4048770936512808,0.3745708306923226,0.37730049693951623,0.34971318,0.38617733
0.0,0.0026451360555355685,0.001679449373207701,0.004123063445583537,0.004796759,0.003466748
0.47710330138445156,0.4256761217860934,0.3888116256061276,0.4196563446634679,0.4200535,0.42112452
0.05644302449414271,0.028968516841241188,0.016011211706749635,0.028338331869359943,0.025958063,0.020950535
0.07880724174653887,0.08349416870620713,0.0898230766371176,0.08407605528209146,0.087103345,0.09199557
0.005324813631522897,0.007777404936914423,0.009106408893731863,0.008015625792155824,0.009354232,0.0043211677
0.3095890410958904,0.40285022611550636,0.3819861096823692,0.3743481826613536,0.4064321,0.38800386
0.0009132420091324201,0.0032204871464596163,0.001782538387079373,0.004123063445583537,0.004046357,0.0030818458
0.4292237442922374,0.4253915539650013,0.3955332731679967,0.42112210022327046,0.4132704,0.43062386
0.01004566210045662,0.02953507672335834,0.026172720249000855,0.028338331869359943,0.025257656,0.020012636
0.09041095890410959,0.08408127646409125,0.08751673115454295,0.0824509324773033,0.08503304,0.08772416
0.012785388127853882,0.007940010909658901,0.008633907341227869,0.008015625792155824,0.008772768,0.005328077
0.39636363636363636,0.40580412024433987,0.38290470092317636,0.38836900968433946,0.3981438,0.3873702
0.0036363636363636364,0.0021939425573223037,0.0028082363541719942,0.004123063445583537,0.0039116126,0.0039638383
0.3418181818181818,0.426440432387753,0.3869348755440686,0.3974236460313875,0.37613124,0.41361582
0.01818181818181818,0.028499586747702366,0.02062647774222412,0.024448572682440384,0.022200719,0.0225095
0.12727272727272726,0.08309988679867061,0.08574848866559479,0.08407605528209146,0.0852619,0.074563764
0.014545454545454545,0.0075754503791459205,0.007918559191471487,0.008015625792155824,0.009466636,0.0032681448
0.39300134589502017,0.40189671956293427,0.3617436430217195,0.3427497960453781,0.35189974,0.39192423
0.004037685060565276,0.0036458180959271225,0.0015539208516896815,0.004123063445583537,0.0040222853,0.0027416002
0.40915208613728127,0.4239178849907689,0.4275554417394095,0.424164411814382,0.4363335,0.43685064
0.016150740242261104,0.02993424248711471,0.02044825772837656,0.028338331869359943,0.02524403,0.015929913
0.126514131897712,0.08447360226706455,0.09118085360056809,0.0824509324773033,0.08375543,0.08048987
0.009421265141318977,0.008632388360359428,0.0065952655661027475,0.008015625792155824,0.008776944,0.002411994
0.35905349794238683,0.4052625915519307,0.39216803273888395,0.37927321622415633,0.37660342,0.3839186
0.00205761316872428,0.0025304335463409156,0.0019347925168933162,0.004123063445583537,0.004415534,0.0032297706
0.49897119341563784,0.42554633991168,0.43157126755737496,0.4231479305925594,0.42867407,0.42468283
0.030864197530864196,0.02884502312323961,0.01768358695470107,0.028338331869359943,0.026034245,0.018991755
0.04835390946502058,0.08342623595335763,0.08707910958880576,0.08353089492807056,0.0853452,0.075161554
0.013374485596707819,0.007768084621883664,0.008023780026327225,0.008015625792155824,0.009032669,0.003667554
0.37404580152671757,0.40284091618550694,0.3794809660492939,0.39647798980698795,0.3727195,0.3922355
0.0010905125408942203,0.0034974608448782862,0.001830149823151446,0.004123063445583537,0.00324689,0.0028318309
0.48091603053435117,0.4250688777664407,0.45345379754472426,0.43295594577241886,0.43234658,0.45488244
0.008724100327153763,0.02977419863561173,0.015251765087349484,0.02656410461993079,0.02443164,0.016231043
0.09814612868047982,0.08425279875928846,0.09190083597854666,0.08407605528209146,0.08587111,0.09145818
0.007633587786259542,0.008462931231962012,0.007527436989766937,0.008015625792155824,0.008190703,0.002643464
0.4565826330532213,0.40471913591581576,0.394563461745852,0.40640049952788576,0.4106555,0.37279442
0.0028011204481792717,0.0037182996305641924,0.001566212727219945,0.004123063445583537,0.0038876855,0.0026372108
0.42436974789915966,0.42284878508630697,0.4350515072462592,0.43903892482438683,0.45274308,0.43600646
0.023809523809523808,0.02996653061480417,0.04388708956486396,0.022823449877652197,0.021848608,0.015164012
0.05042016806722689,0.08422623867720591,0.0931135857643729,0.08407605528209146,0.08595775,0.10479012
0.0070028011204481795,0.008061018881128368,0.00806201819037744,0.008015625792155824,0.0087612895,0.0061722673
0.2702104097452935,0.40639934349368756,0.4465179203578531,0.38714965317180094,0.42358008,0.39686823
0.0,0.001960063319493277,0.0012607641289270786,0.0034660610763301387,0.0025918165,0.003432754
0.6013289036544851,0.4267828556465973,0.41884636972515454,0.4032096737592047,0.41612336,0.42067763
0.013289036544850499,0.028273876507064977,0.023207157738607872,0.02279674195363429,0.022449773,0.01945132
0.08194905869324474,0.08287942564061956,0.08526069871685955,0.08444148369560259,0.081409864,0.054336727
0.006644518272425249,0.007408290254801164,0.0077642654606866705,0.007358623422902421,0.008463919,0.004992611
0.2713815789473684,0.4057479121825997,0.3958138990546831,0.3995791723752324,0.4161975,0.384681
0.001644736842105263,0.0023539296890099926,0.007176673538788679,0.0034660610763301387,0.0019905337,0.003866286
0.5263157894736842,0.4264013914950796,0.4303513624315299,0.41033546096029416,0.4696341,0.43137398
0.001644736842105263,0.028701974014857384,0.007987468025445964,0.02279674195363429,0.017593542,0.019266494
0.09210526315789473,0.08330674675908495,0.09045154832792508,0.08287389255881715,0.08303619,0.06641595
0.014802631578947368,0.007764636647714068,0.00813769856335155,0.007358623422902421,0.006755882,0.002717051
0.44575471698113206,0.4025795718266947,0.3758806583794332,0.3892419798708909,0.41598335,0.38706252
0.0023584905660377358,0.003887781280894148,0.001842965470145281,0.0034660610763301387,0.0012398273,0.0024901552
0.4056603773584906,0.4223347338217887,0.506727416065037,0.43035328943476625,0.45296067,0.44876578
0.0011792452830188679,0.03014752917728883,0.007001143306509861,0.021716779502867024,0.016328419,0.012792897
0.07665094339622641,0.08477972276176843,0.07853116165069353,0.08050841012407985,0.07723826,0.06257623
0.01061320754716981,0.008673514301951568,0.006289532937140894,0.007358623422902421,0.00584414,0.0027844154
0.3402777777777778,0.4055727346901522,0.4077864556257658,0.3965713393568908,0.38852802,0.3850376
0.0,0.0027011901754805945,0.0014730457709024906,0.0034660610763301387,0.002571537,0.0030914284
0.4791666666666667,0.4258121575934671,0.4491211172590067,0.43534617245649493,0.4342647,0.4491015
0.003472222222222222,0.029006628601280837,0.011255473320456656,0.022278690274326322,0.022597993,0.018391585
0.13541666666666666,0.0835564944389175,0.07687311657209461,0.08341905291283805,0.081403136,0.081011295
0.010416666666666666,0.007838443494265546,0.007480277207889454,0.007358623422902421,0.007025312,0.0042358083
0.1671309192200557,0.4026619180910679,0.38976925636877136,0.4090182037152797,0.38246226,0.38438168
0.0,0.0032114046400359697,0.001428511737989258,0.0034660610763301387,0.0016430252,0.0031192044
0.733983286908078,0.4250664070318583,0.46311078787871945,0.4423247021675401,0.44090837,0.46393225
0.008356545961002786,0.029514325733582647,0.013067267680567636,0.027231661494574767,0.020376394,0.015107447
0.0584958217270195,0.08401408212764208,0.08279386552604161,0.08341905291283805,0.081905,0.08749297
0.006963788300835654,0.008412241613523691,0.007233936217972921,0.007358623422902421,0.0060968027,0.0020583598
0.3662613981762918,0.403958440217996,0.4259998440811925,0.3735410389304281,0.4249853,0.3838778
0.00303951367781155,0.002987891808843929,0.0014521820977835,0.0034660610763301387,0.0017646804,0.0030456004
0.47720364741641336,0.424879349905141,0.43456814099369145,0.4431119690396776,0.44433132,0.45272073
0.00911854103343465,0.029248974549117235,0.011364583891841492,0.021716779502867024,0.016702736,0.017461345
0.1033434650455927,0.08390725412997024,0.09270957089600508,0.08444148369560259,0.088097796,0.073047094
0.010638297872340425,0.00832772037550017,0.010706074619301797,0.007358623422902421,0.006484111,0.0017899487
0.34421364985163205,0.4029334096397596,0.4128465679642341,0.41702482272186064,0.40236312,0.39011392
0.002967359050445104,0.003511850746424794,0.0014370433529892082,0.0034660610763301387,0.0041596955,0.002916524
0.5756676557863502,0.4241876194162483,0.4415785922792769,0.44231253653297536,0.44243473,0.46608415
0.002967359050445104,0.029762589701588377,0.01173863120241598,0.021716779502867024,0.01649552,0.014641426
0.05192878338278932,0.08444398319189816,0.09522149087363507,0.08444148369560259,0.087627426,0.06886155
0.010385756676557863,0.00830534788761153,0.007237258004699113,0.007358623422902421,0.006011239,0.0035042209
0.39980353634577603,0.4035275654493048,0.4349608877196235,0.4235584568937983,0.44560573,0.38696876
0.0009823182711198428,0.003238712876227068,0.0015229439830558781,0.0034660610763301387,0.0016484155,0.0030485264
0.48919449901768175,0.4245490708235442,0.43610627109686145,0.44801745706360324,0.45887363,0.46307284
0.010805500982318271,0.02952975934003882,0.012569561537709922,0.02259801592785808,0.017179659,0.014704761
0.07760314341846758,0.08415807519735335,0.09340296216020803,0.08444148369560259,0.088213846,0.072858505
0.004911591355599214,0.00793110530813218,0.007499559606163278,0.007358623422902421,0.006221137,0.0055503175
0.4483306836248013,0.4033990109809591,0.41567290477800695,0.4235584568937983,0.44156307,0.3894062
0.003179650238473768,0.0034123953008246555,0.0017495432276456667,0.0034660610763301387,0.0013683069,0.002862276
0.43243243243243246,0.42346397080307385,0.482385039416346,0.4654144624127104,0.4907813,0.4554322
0.02384737678855326,0.029689960089403084,0.011167129745276066,0.025457434245145617,0.01953019,0.013825042
0.06359300476947535,0.08427004964141713,0.0733192098786184,0.08179393010804989,0.07909795,0.07584403
0.003179650238473768,0.00870949815866881,0.013101009260608039,0.007358623422902421,0.005958307,0.001474334
0.3795180722891566,0.4042313017258794,0.39072434246270127,0.41928767968027536,0.40545702,0.3792508
0.0012048192771084338,0.003502678490611255,0.001932803805351476,0.0031914278263630146,0.0009649585,0.0027599286
0.4807228915662651,0.4229630812074324,0.4718504459108015,0.45638213555483037,0.44950828,0.45805252
0.020481927710843374,0.02977938878874653,0.009914109598702502,0.025182800995178493,0.018335583,0.012969537
0.08433734939759036,0.08416951228664782,0.08663557618036463,0.08314441966287094,0.08054508,0.087620795
0.0036144578313253013,0.008366780063882584,0.007151328554744358,0.007083990172935298,0.00560789,0.0030108818
0.4574175824175824,0.4020460478690352,0.4013725087428479,0.3959262154941119,0.39198372,0.37929985
0.0027472527472527475,0.003975247767727175,0.0031973717731693524,0.00342836536979168,0.00089214474,0.0024687909
0.41483516483516486,0.4231452778741256,0.4830013195100497,0.451676264645147,0.45589998,0.47275576
0.013736263736263736,0.030303825358041575,0.011532337484194561,0.022323382677890958,0.015732387,0.010700005
0.09340659340659341,0.0848246700217751,0.07100560259886658,0.07935254044912167,0.071421415,0.05588313
0.004120879120879121,0.008481606462693109,0.007062904764738624,0.007083990172935298,0.0054461816,0.004014417
0.4091456077015644,0.4024607090045805,0.4168237323342412,0.42161686027144346,0.4020251,0.38438186
0.0024067388688327317,0.0032720280431690896,0.0018156651666295569,0.0031914278263630146,0.0010063461,0.0031363128
0.4380264741275572,0.4255519673140904,0.4273296314206514,0.43647328694343246,0.43593016,0.47226167
0.08303249097472924,0.029538521318047933,0.0176038398850181,0.0214421462528999,0.01572548,0.0149104325
0.044524669073405534,0.08411924591126557,0.08458778783118316,0.08314441966287094,0.0798026,0.07918329
0.00842358604091456,0.007887886365053082,0.00738125532524246,0.007083990172935298,0.005817789,0.006449266
0.42836041358936483,0.40573673689244427,0.43599624651224067,0.409117877594551,0.41546988,0.38095516
0.0,0.0023580878263704252,0.002298064593504977,0.0031914278263630146,0.0019258951,0.002866277
0.45790251107828656,0.42597422498759757,0.4321991831021841,0.4477027323241924,0.45134223,0.43736282
0.013293943870014771,0.028672677403269176,0.0176607041695033,0.031232960369307942,0.022602191,0.01638401
0.08714918759231906,0.0832403618410624,0.08247750886698872,0.08314441966287094,0.08146013,0.060347177
0.004431314623338257,0.007537469135344865,0.006924459498018341,0.007083990172935298,0.006568799,0.007366798
0.41721854304635764,0.405493875605454,0.4127503686017219,0.41083282170431357,0.41706067,0.38258094
0.0013245033112582781,0.0025956442121277123,0.002120664584408641,0.0031914278263630146,0.0018975624,0.0029196886
0.4463576158940397,0.42540429906587685,0.4408045523025245,0.4385880462175319,0.44989443,0.44304144
0.006622516556291391,0.02891857445324522,0.019734440098584532,0.031232960369307942,0.022357052,0.016012002
0.09801324503311258,0.08343159989106666,0.09373821505982027,0.08864201777461737,0.09439435,0.070817456
0.007947019867549669,0.0075193853093607765,0.006960832108298282,0.007083990172935298,0.0064702802,0.010117949
0.4871099050203528,0.4038175526619783,0.4200140517567524,0.41384461426880215,0.41938913,0.3791721
0.005427408412483039,0.0035703606134490917,0.0019281441440197821,0.0031914278263630146,0.0016924386,0.0027475306
0.3310719131614654,0.4234809929257498,0.44073549144139595,0.4579078199222204,0.4487323,0.471973
0.004070556309362279,0.029897850209225002,0.01550529279213016,0.031232960369307942,0.019487927,0.011509929
0.12347354138398914,0.08415432244377002,0.0975040376917313,0.08864201777461737,0.09210561,0.08782727
0.018995929443690638,0.00793140261612521,0.007540681355016609,0.007083990172935298,0.0062651583,0.0073848716
0.4154351395730706,0.4059149877566328,0.39448461854984057,0.4012256105752461,0.390548,0.37582114
0.0,0.002334516657531871,0.00155084900283617,0.0031914278263630146,0.001644123,0.0029147386
0.45648604269293924,0.4260731222875226,0.43554834822332245,0.4354140095778823,0.43171212,0.44060674
0.009852216748768473,0.02864910623443062,0.009624440533469452,0.026957028244607644,0.01943961,0.0164063
0.09195402298850575,0.08311605644786813,0.08963035459663973,0.08864201777461737,0.089698724,0.08297727
0.006568144499178982,0.007588322610552645,0.0076892303229646585,0.007083990172935298,0.0060978974,0.0055754217
0.36164383561643837,0.4025454469702019,0.4031798908175192,0.4208201596452608,0.40372482,0.38373432
0.0013698630136986301,0.0032757852850893165,0.0014340183676835193,0.0031914278263630146,0.0011971517,0.00293895
0.48904109589041095,0.42538079743907536,0.4482739069450387,0.49642151291533604,0.4492848,0.47545737
0.0013698630136986301,0.02960232368710014,0.015551228253132139,0.026957028244607644,0.018992638,0.012802638
0.10547945205479452,0.08408760818020661,0.09501069371843392,0.08864201777461737,0.08865281,0.07640471
0.009589041095890411,0.008350966488733957,0.007243554492105268,0.007083990172935298,0.0057524587,0.0025275145
0.32262996941896027,0.4045728915498711,0.4034403711365516,0.4092724479133284,0.4051585,0.38533247
0.0,0.0029945275671448834,0.0017419181398869762,0.0031914278263630146,0.0011282273,0.0030922664
0.4969418960244648,0.42442812402487873,0.44981880237590927,0.4489463496582581,0.4665691,0.4624212
0.010703363914373088,0.029254973384259614,0.01563213528616907,0.0214421462528999,0.015748339,0.01623938
0.11926605504587157,0.08389223238435761,0.09391039757670082,0.08701689496982921,0.08802974,0.067032196
0.0045871559633027525,0.007964777336321144,0.006932730647406457,0.007083990172935298,0.0058113043,0.004341562
0.3048327137546468,0.4045789902215502,0.3814976693612682,0.40313583687150406,0.38711408,0.361321
0.0018587360594795538,0.0035577970403931625,0.0016108849441676307,0.0031914278263630146,0.0016924386,0.0027718274
0.4851301115241636,0.42328782908841406,0.4539733895908208,0.45915255189244736,0.46099156,0.47297874
0.0055762081784386614,0.029782086485152043,0.017304126780083834,0.0214421462528999,0.016257713,0.0129791
0.15613382899628253,0.08441265926713387,0.09138354814398997,0.08701689496982921,0.08729062,0.06286536
0.00929368029739777,0.008434839798154542,0.007300186822740864,0.007083990172935298,0.0062477454,0.0029633502
0.5141129032258065,0.4037974613997739,0.4220873114361117,0.41635425702507955,0.42243987,0.38560924
0.0020161290322580645,0.003218963013361331,0.0018959945827640896,0.0031914278263630146,0.0010079971,0.0028152796
0.3709677419354839,0.424462788425857,0.4363025523528067,0.4477960858231892,0.43142694,0.47369826
0.010080645161290322,0.02953355259026011,0.016856653350903302,0.031232960369307942,0.021537675,0.012842687
0.07459677419354839,0.08399858248189151,0.09161990427149617,0.08864201777461737,0.08830282,0.07535319
0.012096774193548387,0.008315504251386802,0.007537584683420689,0.007083990172935298,0.0057524587,0.0024717224
0.3053571428571429,0.40404592435930403,0.3752253373520239,0.41322648891343716,0.39528137,0.37863383
0.0,0.0034978683275963818,0.0018296901639681313,0.0031914278263630146,0.00029285785,0.0028375029
0.5321428571428571,0.42394683621533685,0.444628315195553,0.4530820633418151,0.44690907,0.478329
0.010714285714285714,0.0298379805079087,0.006408936538964714,0.026957028244607644,0.01832707,0.011295463
0.09285714285714286,0.08425133372653448,0.09726013809671057,0.08864201777461737,0.08786215,0.0716545
0.007142857142857143,0.007870701289751647,0.00908878026189325,0.007083990172935298,0.0052058324,0.008095024
